id,name
1,A&W® Diet Root Beer
2,A&W® Diet Root Beer
3,A&W® Diet Root Beer
4,A&W® Diet Root Beer
5,A&W® Diet Root Beer
6,A&W® Diet Root Beer
7,A&W® Diet Root Beer Float (large)
8,A&W® Diet Root Beer Float (medium)
9,A&W® Diet Root Beer Float (small)
10,A&W® Diet Root Beer Freeze (large)
11,A&W® Diet Root Beer Freeze (medium)
12,A&W® Diet Root Beer Freeze (small)
13,A&W® Root Beer
14,A&W® Root Beer
15,A&W® Root Beer
16,A&W® Root Beer
17,A&W® Root Beer
18,A&W® Root Beer
19,A&W® Root Beer Float (large)
20,A&W® Root Beer Float (medium)
21,A&W® Root Beer Float (small)
22,A&W® Root Beer Freeze (large)
23,A&W® Root Beer Freeze (medium)
24,A&W® Root Beer Freeze (small)
25,Blue Raspberry Slushee
26,Blue Raspberry Slushee
27,Blue Raspberry Slushee
28,Blue Raspberry Slushee
29,Breaded Onion Rings (Large)
30,Breaded Onion Rings (Regular)
31,Caramel Sundae
32,Cheese Curds (Large)
33,Cheese Curds (Regular)
34,Cheese Dog
35,Cheese Fries
36,Cheeseburger
37,Cherry Limeade
38,Cherry Limeade
39,Cherry Limeade
40,Cherry Limeade
41,Cherry Slushee
42,Cherry Slushee
43,Cherry Slushee
44,Cherry Slushee
45,Chicken Strips- 3 pieces
46,Chili
47,Chili Cheese Fries
48,Chili Fries
49,Chocolate Fudge Blendrrr
50,Chocolate Fudge Blendrrr
51,Chocolate Fudge Blendrrr
52,Chocolate Milkshake (medium)
53,Chocolate Milkshake (small)
54,Chocolate Sundae
55,Coney (Chili) Cheese Dog
56,Coney (Chili) Dog
57,Corn Dog Nuggets® (Regular)
58,Corn Dog Nuggets® (Small/ Kids)
59,Crispy Chicken Sandwich
60,Crunchy Shrimp
61,Extra Burger Patty
62,French Fries (Large)
63,French Fries (Regular)
64,French Fries (Small/ Kids)
65,Grilled Chicken Sandwich
66,Hamburger
67,Hot Dog (plain)
68,Hot Fudge Sundae
69,Lemon Slushee
70,Lemon Slushee
71,Lemon Slushee
72,Lemon Slushee
73,Lime Slushee
74,Lime Slushee
75,Lime Slushee
76,Lime Slushee
77,Limeade
78,Limeade
79,Limeade
80,Limeade
81,M&M’s® Polar Swirl®
82,Orange Float (large)
83,Orange Float (medium)
84,Orange Float (small)
85,Orange Freeze (medium)
86,Orange Freeze (medium)
87,Orange Freeze (small)
88,Oreo® Cookies & Cream Blendrrr
89,Oreo® Cookies & Cream Blendrrr
90,Oreo® Cookies & Cream Blendrrr
91,Oreo® Polar Swirl®
92,Original Bacon Cheeseburger
93,Original Bacon Double Cheeseburger
94,Original Double Cheeseburger
95,Papa Burger®
96,Papa Single Burger
97,Pineapple Banana Smoothee
98,Pineapple Banana Smoothee
99,Pineapple Banana Smoothee
100,Reese’s® Peanut Butter Fudge Blendrrr
101,Reese’s® Peanut Butter Fudge Blendrrr
102,Reese’s® Peanut Butter Fudge Blendrrr
103,Reese’s® Polar Swirl®
104,Strawberry Banana Smoothee
105,Strawberry Banana Smoothee
106,Strawberry Banana Smoothee
107,Strawberry Limeade
108,Strawberry Limeade
109,Strawberry Limeade
110,Strawberry Limeade
111,Strawberry Milkshake (medium)
112,Strawberry Milkshake (small)
113,Strawberry Smoothee
114,Strawberry Smoothee
115,Strawberry Smoothee
116,Strawberry Sundae
117,Vanilla Cone (large)
118,Vanilla Cone (regular)
119,Vanilla Milkshake (medium
120,Vanilla Milkshake (small)
121,Watermelon Slushee
122,Watermelon Slushee
123,Watermelon Slushee
124,Watermelon Slushee
125,Add Fried Shrimp
126,Add Grilled Shrimp
127,Appetizer Sampler
128,"Apple Walnut Chicken Salad, Half"
129,"Apple Walnut Chicken Salad, Half w/o dressing"
130,"Apple Walnut Chicken Salad, Regular"
131,"Apple Walnut Chicken Salad, Regular w/o dressing"
132,Applebee’s House Salad
133,Applebee’s House Salad (without dressing)
134,Applebee’s Limeades
135,Applebee’s Reuben
136,Applebee’s Reuben
137,Applebee’s Riblets Basket
138,Applebee’s Riblets Platter
139,Asiago Peppercorn Steak
140,Asiago Peppercorn Steak w/sides
141,Bacon Cheddar Cheeseburger
142,Bacon Cheese Chicken Grill
143,Baked Potato
144,Baked Potato Soup
145,Baked Potato Soup
146,BBQ Pulled Pork Sliders
147,Black Bean Soup
148,Blackened Tilapia Sandwich
149,Blue Ribbon Brownie
150,"Boneless Wings, Classic Buffalo"
151,"Boneless Wings, Honey BBQ"
152,"Boneless Wings, Hot Buffalo"
153,"Boneless Wings, Southern BBQ"
154,"Boneless Wings, Sweet & spicy sauce"
155,Bourbon Street Chicken & Shrimp
156,Bourbon Street Steak
157,Breadstick
158,Broccoli Cheddar Soup
159,Broccoli Cheddar Soup
160,Brownie Bite
161,Bruschetta Chicken
162,"Bruschetta Chicken Salad, Half"
163,"Bruschetta Chicken Salad, Half w/o dressing"
164,"Bruschetta Chicken Salad, Regular"
165,"Bruschetta Chicken Salad, Regular w/o dressing"
166,Caesar Salad
167,Cajun Shrimp Pasta
168,"California Shrimp Salad, Half"
169,"California Shrimp Salad, Half w/o dressing"
170,"California Shrimp Salad, Regular"
171,"California Shrimp Salad, Regular w/o dressing"
172,California Turkey Club
173,Cheese Quesadilla Grande
174,Cheeseburger
175,Cheeseburger Sliders
176,Cheeseburger Sliders add bacon
177,Cheeseburger Sliders with Applewood Smoked Bacon
178,Cheesy Corn
179,Chicken Broccoli Pasta Alfredo
180,Chicken Caesar Salad
181,Chicken Fajita Rollup
182,Chicken Fajita Rollup
183,Chicken Fettuccine Carbonara
184,Chicken Fried Chicken
185,"Chicken Fried Steak (includes mashed potato, gravy & vegetable)"
186,Chicken Noodle Soup
187,Chicken Noodle Soup
188,Chicken Parmesan Stack
189,Chicken Quesadilla Grande
190,Chicken Tenders Basket
191,Chicken Tenders Platter
192,Chicken Tortilla Soup
193,Chicken Tortilla Soup
194,Chili
195,Chili
196,"Chili Cheese Fries, Side"
197,Chili Cheese Nachos
198,Chips and Spicy Chipotle Lime Salsa
199,Chocolate Chip Cookie Sundae
200,Chocolate Mousse Shooter
201,Clam Chowder
202,Clam Chowder
203,Classic Club House Grill
204,"Classic Wings, Classic Buffalo"
205,"Classic Wings, Honey BBQ"
206,"Classic Wings, Hot Buffalo"
207,"Classic Wings, Southern BBQ"
208,"Classic Wings, Sweet & spicy sauce"
209,Cole Slaw
210,Cowboy Burger
211,Crispy Orange Chicken
212,Crunchy Onion Rings
213,"Crunchy Onion Rings, Side"
214,Decadent Shakes
215,Double Crunch Shrimp
216,Double-Glazed Baby Back Ribs
217,Double-Glazed Baby Back Ribs – Half Rack
218,Fiesta Lime Chicken®
219,Fire Pit Bacon Burger
220,Florentine Ravioli with Chicken
221,French Dip Sliders
222,French Dip Sliders
223,French Onion Soup
224,"Fresh Fruit, Side"
225,Fried Chicken Salad
226,"Fried Chicken Salad, Half"
227,"Fried Chicken Salad, Half w/o dressing"
228,"Fried Chicken Salad, Regular"
229,"Fried Chicken Salad, Regular w/o dressing"
230,Fried Red Potatoes
231,"Fries, Side"
232,"Fries, Side"
233,Frozen Lemonades
234,Garlic Herb Salmon
235,Garlic Mashed Potatoes
236,"Grilled Chicken Caesar, Half"
237,"Grilled Chicken Caesar, Half w/o dressing"
238,"Grilled Chicken Caesar, Regular"
239,"Grilled Chicken Caesar, Regular w/o dressing"
240,Grilled Chicken Wonton Tacos
241,Grilled Dijon Chicken & Portobellos
242,Grilled Dijon Chicken & Portobellos
243,Grilled Shrimp & Island Rice
244,Grilled Shrimp ‘N Spinach Salad
245,"Grilled Shrimp ‘N Spinach Salad, Half"
246,"Grilled Shrimp ‘N Spinach Salad, Half w/o dressing"
247,"Grilled Shrimp ‘N Spinach Salad, Regular"
248,"Grilled Shrimp ‘N Spinach Salad, Regular w/o dressing"
249,"Grilled Steak Caesar, Half"
250,"Grilled Steak Caesar, Half w/o dressing"
251,"Grilled Steak Caesar, Regular"
252,"Grilled Steak Caesar, Regular w/o dressing"
253,Hamburger
254,Hand-Battered Fish & Chips
255,Hand-Battered Fish Sandwich
256,Honey BBQ Chicken Sandwich
257,Hot Fudge Sundae Shooter
258,House Salad
259,House Sirloin
260,House Sirloin
261,Kids 4oz Sirloin Steak
262,Kids Apple Juice (6.75 oz)
263,Kids Applesauce side
264,Kids Celery side with Dressing
265,Kids Cheese Pizza
266,Kids Chicken Tenders
267,Kids Chocolate Milk (1% 8oz)
268,Kids Corn Dog
269,Kids Fried Shrimp
270,Kids Grape Juice (6.75 oz)
271,Kids Grilled Cheese (Hawaiian bread)
272,Kids Grilled Cheese (sourdough bread)
273,Kids Grilled Chicken Sandwich
274,Kids Hot Dog
275,Kids Hot Fudge Sundae
276,Kids Kraft Macaroni and Cheese
277,Kids Milk (1% or 2% 8 oz)
278,Kids Mini Cheeseburger – 1
279,Kids Mini Cheeseburgers – 2
280,Kids Mini Hamburger – 1
281,Kids Mini Hamburger – 2
282,Kids Orange-Tangerine Juice (6.75 oz)
283,Kids OREO® Cookie Milkshake
284,Kids OREO® Cookie Sundae
285,Kids Pasta with Marinara Sauce
286,Kids Steamed Broccoli Side
287,Kids Strawberry Sundae
288,Kids Tropicana Fruit Punch (12 oz)
289,Kids Vanilla Sundae
290,Kids Vanilla Sundae with Hershey’s Syrup
291,Loaded Baked Potato
292,Loaded Mashed Potatoes
293,Maple Butter Blondie
294,Margherita Chicken
295,Mozzarella Sticks
296,New England Fish & Chips
297,New York Strip
298,Orange Glazed Salmon
299,Oriental Chicken Rollup
300,Oriental Chicken Salad
301,"Oriental Chicken Salad, Half"
302,"Oriental Chicken Salad, Half w/o dressing"
303,"Oriental Chicken Salad, Regular"
304,"Oriental Chicken Salad, Regular w/o dressing"
305,Oriental Grilled Chicken Salad
306,"Oriental Grilled Chicken Salad, Half"
307,"Oriental Grilled Chicken Salad, Half w/o dressing"
308,"Oriental Grilled Chicken Salad, Regular"
309,"Oriental Grilled Chicken Salad, Regular w/o dressing"
310,"Pecan-Crusted Chicken Salad, Half"
311,"Pecan-Crusted Chicken Salad, Half w/o dressing"
312,"Pecan-Crusted Chicken Salad, Regular"
313,"Pecan-Crusted Chicken Salad, Regular w/o dressing"
314,Philly Burger
315,Pork Wonton Tacos
316,Potato Skins
317,Potato Twisters
318,Provolone-Stuffed Meatballs with Fettuccine
319,Quesadilla Burger
320,Queso Blanco
321,Queso Blanco with chili
322,Red Beans & Rice
323,Ribeye
324,Riblet and Chicken Tenders Basket
325,1% Lowfat Chocolate Milk*
326,2% Reduced Fat White Milk*
327,Angus Cool Deli Sandwich
328,Angus Cool Deli Wrap
329,Angus Three Cheese & Bacon Sandwich
330,Apple Turnover
331,Applesauce
332,Arby’s Melt
333,Arby’s Sauce® Adds
334,Bacon Beef ‘n Cheddar
335,"Bacon, Egg & Cheese Biscuit"
336,Beef’n Cheddar Classic
337,Beef’n Cheddar Max
338,Beef’n Cheddar Mild
339,Buffalo Dipping Sauce Adds
340,CapriSun® Fruit Juice
341,Cherry Turnover
342,Chicken Bacon & Swiss – Crispy
343,Chicken Bacon & Swiss – Roast
344,Chicken Biscuit*
345,Chicken Cordon Bleu – Crispy
346,Chicken Cordon Bleu – Roast
347,Chocolate Chunk Cookies (2)
348,Chocolate Shake – Regular
349,Chocolate Shake – Small
350,Chocolate Turnover
351,Chopped Farmhouse Chicken Salad – Crispy
352,Chopped Farmhouse Chicken Salad – Roast
353,Chopped Side Salad
354,Classic Italian Toasted Sub
355,Cravin’ Chicken Sandwich – Crispy
356,Cravin’ Chicken Sandwich – Roast
357,Curly Fries – Kids
358,Curly Fries – Large
359,Curly Fries – Medium
360,Curly Fries – Small
361,Curly Fries – Value
362,Deluxe Bacon Cheddar
363,French Dip & Swiss/Au Jus
364,Ham & Swiss Melt
365,"Ham, Egg & Cheese Croissant"
366,"Ham, Egg & Cheese Sourdough"
367,Homestyle Fries – Kids
368,Homestyle Fries – Large
369,Homestyle Fries – Medium
370,Homestyle Fries – Small
371,Honey Dijon Mustard Sauce Adds
372,Horsey Sauce® Adds
373,Jalapeno Bites® – (5)
374,Jalapeno Bites® – (8)
375,Jamocha Oreo® Shake – Small
376,Jamocha Oreo® Swirl Shake – Regular
377,Jamocha Shake – Regular
378,Jamocha Shake – Small
379,Jr Chicken Sandwich
380,Jr Chocolate Shake
381,Jr Deluxe Sandwich
382,Jr Ham & Cheddar Sandwich
383,Jr Jamocha Shake
384,Jr Roast Beef
385,Jr Roast Beef Sandwich
386,Jr Vanilla Shake
387,Loaded Potato Bites® – (5)
388,Loaded Potato Bites® – (8)
389,Mozzarella Sticks – (4)
390,Mozzarella Sticks – (6)
391,Outside-In Cinnamon Bites™
392,Potato Cakes (2)
393,Potato Cakes (2)
394,Potato Cakes (3)
395,Potato Cakes (4)
396,Prime-Cut™ Chicken Tenders (3)
397,Prime-Cut™ Chicken Tenders (5)
398,Prime-Cut™ Chicken Tenders – (2)
399,Ranch Dipping Sauce Adds
400,Reuben Sandwich
401,Roast Beef Classic
402,Roast Beef Max
403,Roast Beef Mild
404,Roast Chicken Club
405,Roast Turkey & Swiss Sandwich
406,Roast Turkey & Swiss Wrap
407,"Roast Turkey, Ranch & Bacon Sandwich"
408,"Roast Turkey, Ranch & Bacon Wrap"
409,Sausage Biscuit
410,Sausage Gravy Biscuit
411,"Sausage, Egg & Cheese Wrap"
412,Shroom & Swiss
413,Smokin’ Chipotle Chicken*
414,Steakhouse Onion Rings (5)
415,Super Roast Beef
416,Tangy Barbeque Sauce Adds
417,Turkey Bacon Club Toasted Sub
418,Vanilla Shake – Regular
419,Vanilla Shake – Small
420,Abc Special
421,Almond Croissant
422,Apple Croissant
423,Apple Danish
424,Apple Spice Bagel
425,Asiago Bagel
426,Asiago Cream Pasta
427,Asiago Focaccia
428,Asiago Loaf
429,Asiago Strip
430,"Bacon, Egg & Cheese Sandwich"
431,Baja Chicken Enchilada
432,Baked Potato
433,Balsamic Bleu Salad
434,Banana Nut Muffin
435,Banana Nut Muffin Top
436,Basil Pesto Pasta
437,Bbq Chicken Pizza
438,Bear Claw
439,Belgian Waffle With Maple Syrup & Whipped Cream
440,Bella Chicken Sandwich
441,Bistro Chicken Press
442,Blueberry Muffin
443,Blueberry Muffin Top
444,Broccoli & Cheese
445,Caesar Salad
446,California Avocado
447,Caramel Nut Cheesecake
448,Carrot Cake Cheesecake
449,Cheese Croissant
450,Cheese Danish
451,Chicken & Sausage Gumbo
452,Chicken Cordon Bleu Panini
453,Chicken Parmesan
454,Chicken Peppercorn
455,Chicken Pesto Calzone
456,Chicken Pesto Panini
457,Chicken Salad On Sourdough
458,Chicken Waldorf
459,Chive Cream Cheese
460,Chocolate Chip Muffin
461,Chocolate Chip Muffin Top
462,Chocolate Chunk Cookie
463,Chocolate Croissant
464,Chocolate Toffee Cookie
465,"Chocolate, Oatmeal And Craisin Cookie"
466,Chopstix Chicken Salad
467,Ciabatta
468,Cinnamon Crisp Bagel
469,Cinnamon Raisin Bagel
470,Cinnamon Raisin Bread
471,Cinnamon Roll
472,Classic Beef Chili
473,Classic Chicken Noodle
474,Cookies And Cream Cheesecake
475,Creamy Caramel Brownie
476,Cubano Panini
477,Double Chocolate Brownie
478,Egg & Cheese Sandwich
479,Everything Bagel
480,Fettuccine Salmone
481,Florentine Omelette
482,Four Cheese Pizza
483,French Baguette
484,French Croissant
485,French Loaf
486,French Onion
487,French Roll
488,French Toast With Maple Syrup
489,Frontier Chicken Chili
490,Garden Vegetable
491,Gooey Butter Danish
492,Greek Salad
493,Ham & Swiss Omelette
494,"Ham, Egg & Cheddar Cheese Sandwich"
495,Homestyle Chicken & Dumpling
496,Honey Maple Ham On Honey Wheat
497,Honey Raisin Walnut Cream Cheese
498,Honey Wheat Bread
499,House Salad
500,Italian Vegetarian Panini
501,Key Lime Pie
502,Kid’S Cheese Pizza
503,Kid’S Grilled Cheese
504,Kid’S Peanut Butter & Jelly
505,Kid’S Penne And Cheese
506,Low Fat Apple Muffin
507,Low Fat Pumpkin Muffin
508,Low Fat Pumpkin Muffin Top
509,Margherita Pizza
510,Mocha Chip Muffin
511,Mocha Chip Muffin Top
512,Morning Classic With Bacon
513,Morning Classic With Ham
514,Morning Classic With Sausage
515,New England Clam Chowder
516,Nine Grain Bread
517,Ny Hot Pastrami
518,Oatmeal Raisin Cookie
519,Olive Cream Cheese
520,Panini Bread
521,Peanut Butter Cookie
522,Pecan Roll
523,Pecan Turtle Cheesecake
524,Penne Bolognese
525,Penne Pomodoro
526,Pepperoni Pizza
527,Plain Bagel
528,Plain Cheesecake
529,Plain Cream Cheese
530,Poppy Seed Bagel
531,Pumpernickel Loaf
532,Pumpkin Cheesecake
533,Pumpkin Muffin
534,Raspberry Cheese Croissant
535,Raspberry Cheese Danish
536,Raspberry Cream Cheese
537,Rye Loaf
538,Salsa Fresca Salmon Salad
539,"Sausage, Egg & Cheese Sandwich"
540,Scrambled Eggs
541,Sesame Seed Bagel
542,Shortbread Cookie
543,Sourdough Baguette
544,Sourdough Bread
545,Sourdough Soup Bowl
546,Spanish Omelette
547,Sticky Bun
548,Three Cheese Omelette
549,Toffee Chocolate Chunk Cookie
550,Tomato Bacon Omelette
551,Tomato Fennel & Dill
552,Tuna Salad On French
553,Turkey Bacon Rustica
554,Turkey Club Panini
555,Turkey On Nine Grain
556,Vegetable Cream Cheese
557,Veggie On Nine Grain
558,Wheat Bagel
559,White Chocolate Macadamia Nut Cookie
560,White Pizza
561,Whole Grain Bagel
562,Wisconsin Cheese
563,1 Breast Dinner
564,1 Breast Dinner
565,12 piece & 6 biscuit box (serves 5-7)
566,12 piece Supremes box (serves 3-5)
567,2 Breast Dinner
568,2 Breast Dinner
569,2 piece Dinner (breast & wing)
570,2 piece Dinner (breast & wing)
571,2 piece Dinner (leg & thigh)
572,2 piece Dinner (leg & thigh)
573,2 Piece Supremes Kids’ Meal
574,2 Sausage Biscuits
575,20 piece & 10 biscuit box serves 9-11)
576,3 piece Dinner (leg & 2 thighs)
577,3 piece Dinner (leg & 2 thighs)
578,3 wing Dinner
579,3 wing Dinner
580,8 piece & 4 biscuit box (serves 3-5)
581,"Bacon, Egg & Cheese"
582,Bo-Berry Biscuit
583,Bo-Tato Rounds
584,Bo-Tato Rounds
585,Bo-Tato Rounds
586,Bojangles Cajun Pintos
587,Bojangles Cajun Pintos
588,Bojangles’ Dirty Rice
589,Bojangles’ Dirty Rice
590,Breast
591,Cajun Filet Biscuit
592,Cajun Filet Club Sandwich
593,Cajun Filet Sandwich
594,Chicken Leg Kids’ meal
595,Chicken Supremes Salad
596,Cinnamon Pecan Twist
597,Coffee (16oz)
598,Coffee (22oz)
599,Cole Slaw
600,Cole Slaw
601,Country Ham & Egg Biscuit
602,Country Ham Biscuit
603,Egg & Cheese Biscuit
604,Garden Salad
605,Gravy Biscuit
606,Green Beans
607,Green Beans
608,Grilled Chicken Club
609,Grilled Chicken Salad
610,Grilled Chicken Sandwich
611,Leg
612,Mac ‘N Cheese Kids’ Meal
613,Macaroni ‘N Cheese
614,Macaroni ‘N Cheese
615,Mashed Potatoes ‘N Gravy
616,Mashed Potatoes ‘N Gravy
617,Picnic Grits
618,Plain Biscuit
619,Roasted Chicken Bites
620,Sausage & Egg Biscuit
621,Sausage Biscuit
622,Seasoned Fries
623,Seasoned Fries
624,Seasoned Fries
625,Steak Biscuit
626,Supreme
627,"Sweet Iced Tea (16oz, with ice)"
628,"Sweet Iced Tea (22oz, with ice)"
629,"Sweet Iced Tea (32oz, with ice)"
630,Sweet Potato Pie
631,Thigh
632,"Unsweetened Iced Tea (16oz, with ice)"
633,"Unsweetened Iced Tea (22oz, with ice)"
634,"Unsweetened Iced Tea (32oz, with ice)"
635,Wing
636,1/2 lb Popcorn Shrimp
637,3/4 lb Popcorn Shrimp
638,Asian Zing
639,Bacon Cheddar Burger
640,Ballpark Sampler
641,Big Jack Daddy Burger
642,Black & Bleu Burger
643,Blazin ®
644,Boneless (each)
645,Boneless Wings &Traditional Wings
646,Boneless Wings (4)
647,Breaded Tenders (each)
648,Buffalo Chicken Flatbread
649,Buffalo Chips Basket
650,Buffalo Chips Basket with cheese
651,Buffalo Chips Regular
652,Buffalo Chips Regular
653,Buffalo Chips Regular with cheese
654,Buffalo Ranch Chicken Sandwich
655,Buffalo Ranch Chicken Wrap
656,Caribbean Jerk
657,Cheeseburger
658,Cheeseburger Slammers
659,Chicken Caesar Salad
660,Chicken Caesar Wrap
661,Chicken Quesadilla
662,Chicken Tender Salad
663,Chicken Tender Wrap
664,Chicken Tenders & Popcorn Shrimp
665,Chicken Tenders (3)
666,Chili Con Queso Dip
667,Chili Queso Burger
668,Chips & Salsa
669,Chocolate Fudge Cake
670,Coleslaw
671,Crispy Fish Sandwich
672,Crispy Southwest Dippers
673,Deep-dish Apple Pie
674,Desert Heat® Based on 1/2 tsp
675,French fries
676,French Fries
677,French Fries Basket
678,French Fries Regular
679,French Fries Regular
680,French Fries Regular
681,Garden Salad
682,Gardenburger
683,Grilled Blackened Chicken Salad
684,Grilled Chicken Buffalitos
685,Grilled Chicken Salad
686,Grilled Chicken Sandwich
687,Honey BBQ
688,Honey BBQ Bacon Burger
689,Honey BBQ Bacon Chicken Sandwich
690,Honey BBQ Chicken Flatbread
691,Honey BBQ Chicken Salad
692,Honey Mustard
693,Hot
694,Hot BBQ
695,Jerk Chicken Sandwich
696,Kids Cheeseburger Slammer
697,Kids’ Ice Cream
698,Macaroni & Cheese
699,Mango Habanera
700,Medium
701,Mild
702,Mini Corn Dogs
703,Mini Corn Dogs (5)
704,Mozzarella Sticks
705,Naked Tenders (3)
706,Naked Tenders (6 each)
707,Naked Tenders (each )
708,Naked Tenders Wrap
709,New York Cheesecake
710,Onion Rings Basket
711,Onion Rings Regular
712,Onion Rings Regular
713,Parmesan Garlic
714,Parmesan Garlic Flatbread
715,Pepper Infusion ®
716,Popcorn Shrimp & Fish
717,Potato Wedges Basket
718,Potato Wedges Basket with cheese
719,Potato Wedges Regular
720,Potato Wedges Regular
721,Potato Wedges Regular with cheese
722,Pulled Pork Sandwich
723,Pulled Pork Slammers
724,Queso Chili Fries
725,Ribs & Boneless Wings
726,Ribs & Chicken Tenders
727,Ribs & More Ribs
728,Ribs & Popcorn Shrimp
729,Ribs & Traditional Wings
730,Roasted Garlic Mushrooms
731,Side Salad
732,Side Salad
733,Southwest Chicken Queso Wrap
734,Spicy garlic
735,Sweet BBQ
736,Teriyaki
737,The Sampler
738,Tortilla chips and salsa
739,Tortilla chips and salsa
740,Traditional Wings (4)
741,Ultimate Nachos
742,Ultimate Nachos With Chicken
743,Wild®
744,Wings (each)
745,American Original Chicken Sandwich
746,Bacon Cheeseburger
747,"Bacon, Egg & Cheese Biscuit"
748,Biscuit – w/ Chicken Fritter (Chicken Biscuit)
749,Biscuits (2) & Sausage Gravy Platter
750,Biscuit‐ w/ Breakfast Steak (Country Fried Steak)
751,Biscuit‐ w/ Country Ham (1 sl) & Egg and Cheese
752,BK Big Fish® Sandwich
753,BK Big Fish® Sandwich w/o Tartar Sauce
754,BK Toppers™ Deluxe Cheeseburger
755,BK Toppers™ Mushroom and Swiss
756,BK Toppers™ Western BBQ Cheeseburger
757,BK Veggie® Burger
758,BK Veggie® Burger  w/ Cheese
759,BK Veggie® Burger  w/o Mayo
760,BK® Chicken Fries (12 pc)
761,BK® Chicken Fries (6 pc)
762,BK® Chicken Fries (9 pc)
763,BK® Double Stacker
764,BK® Fresh Apple Fries
765,BK® Kids Breakfast Muffin Sandwich
766,BK® Quad Stacker
767,BK® Single Stacker
768,BK® Triple Stacker
769,BK®Chef’s Choice Burger
770,BK®Egg and Cheese Muffin
771,BK™ Breakfast Bowl
772,"BK™ Breakfast Burrito ‐ Bacon, Egg, Cheese, & Salsa"
773,"BK™ Breakfast Burrito ‐ Potato, Egg, Cheese, & Salsa"
774,"BK™ Breakfast Burrito ‐ Sausage, Egg, Cheese & Salsa"
775,BK™ Breakfast Ciabatta Club Sandwich
776,BK™ Breakfast Platter
777,BK™ Ultimate Breakfast Platter
778,Brownie Sundae
779,Caramel Sundae
780,Cheeseburger
781,Cheesy Bacon BK Wrapper®
782,Chicken Tenders® (20 pc)
783,Chicken Tenders® (4 pc)
784,Chicken Tenders® (6 pc)
785,Chicken Tenders® (8 pc)
786,Chicken Tenders® Sandwich
787,Chocolate Chip Cookies (2)
788,Chocolate Fudge Sundae
789,Chocolate Milk Shake
790,Chocolate Milk Shake
791,Chocolate Milk Shake
792,Cini‐minis (4 minis)
793,Country Pork Sandwich
794,"Croissan’wich® Bacon, Egg & Cheese"
795,Croissan’wich® Egg & Cheese
796,"Croissan’wich® Ham, Egg & Cheese"
797,Croissan’wich® Sausage & Cheese
798,"Croissan’wich® Sausage, Egg & Cheese"
799,Double Bacon Cheeseburger
800,Double Cheeseburger
801,"Double Croissan’wich™ w/ Bacon, Egg, & Cheese"
802,"Double Croissan’wich™ w/ Ham, Bacon, Egg, & Cheese"
803,"Double Croissan’wich™ w/ Ham, Sausage, Egg, & Cheese"
804,"Double Croissan’wich™ w/ Sausage, Bacon, Egg, & Cheese"
805,"Double Croissan’wich™ w/ Sausage, Egg, & Cheese"
806,Double Hamburger
807,Double Whopper® Sandwich
808,Double Whopper® Sandwich w/o Mayo
809,Double Whopper® Sandwich with Cheese
810,Double Whopper® Sandwich with Cheese w/o Mayo
811,Dutch Apple Pie
812,Enormous Omelet Sandwich
813,Fanta Cherry frozen concentrated beverage
814,Fanta Cherry frozen concentrated beverage
815,French Fries – large (Salted)
816,French Fries – medium (Salted)
817,French Fries – small (Salted)
818,French Fries – value (Salted)
819,French Toast Sticks (3 piece)
820,French Toast Sticks (5 piece)
821,French Toast Sticks Platter w/ Bacon & Breakfast Syrup
822,French Toast Sticks Platter w/ Sausage & Breakfast Syrup
823,Garden Salad (no chicken)
824,Garlic Parmesan Croutons
825,"Ham, Egg, & Cheese Biscuit"
826,Hamburger
827,Hash Browns – large
828,Hash Browns – medium
829,Hash Browns – small
830,Hershey®’s Sundae Pie
831,Italian Original Chicken Sandiwch
832,Ken’s® Creamy Caesar Dressing (2 oz)
833,Ken’s® Fat Free Ranch Dressing (2 oz)
834,Ken’s® Honey Mustard Dressing (2 oz)
835,Ken’s® Light Italian Dressing (2 oz)
836,Ken’s® Ranch Dressing (2 oz)
837,Low Fat Caramel Sauce
838,Mini Blueberry Biscuits with icing (4pc)
839,Mini M & M® Sundae
840,Motts’® Harvest Plus Applesauce
841,Mozzarella Sticks (4 pc)
842,Mustard Whopper® Sandwich
843,Oatmeal Raisin Cookies (2)
844,Onion Rings – large
845,Onion Rings – medium
846,Onion Rings – small
847,Onion Rings – value
848,Oreo® Sundae
849,Original Chicken Club Sandwich
850,Original Chicken Sandwich
851,Original Chicken Sandwich w/o Mayo
852,Pancake Platter w/ Sausage & 1 oz Breakfast Syrup
853,Pancakes (3) and 1 oz breakfast syrup
854,Peach Granola Sundae
855,Quaker® Oatmeal Maple and Brown Sugar Flavor
856,Quaker® Oatmeal Original
857,Rodeo Cheeseburger
858,Sausage Biscuit
859,"Sausage, Egg, & Cheese Biscuit"
860,"Scrambled Egg Platter w/ Bacon (Scrambled Eggs, Biscuit, Hashbrowns, Bacon Slices)"
861,"Scrambled Egg Platter w/ Sausage (Scrambled Eggs, Biscuit, Hashbrowns, Sausage Patty)"
862,Side of Eggs
863,Side of Southwest Potatoes
864,Side Salad
865,Soft Serve Cone
866,Soft Serve Cup
867,Spicy Chick’n Crisp® Sandwich
868,Spicy Chick’n Crisp® Sandwich w/o Mayo
869,Spicy Chicken BK Wrapper™
870,Strawberry Milk Shake
871,Strawberry Milk Shake
872,Strawberry Milk Shake
873,Strawberry Sundae
874,Strawberry Swirl Cheesecake
875,Tacos (2)
876,Tendercrisp® Chicken Garden Salad
877,Tendercrisp® Chicken Sandwich
878,Tendercrisp® Chicken Sandwich w/o Mayo
879,Tendergrill® Chicken Sandwich
880,Tendergrill® Chicken Sandwich w/o Mayo
881,Tendergrill™ Chicken Garden Salad
882,Texas Double Whopper® Sandwich
883,Texas Triple Whopper® Sandwich
884,Texas Whopper® Sandwich
885,Triple Whopper® Sandwich
886,Triple Whopper® Sandwich w/o Mayo
887,Triple Whopper® Sandwich With Cheese
888,Triple Whopper® Sandwich With Cheese w/o Mayo
889,Vanilla Icing
890,Vanilla Milk Shake
891,Vanilla Milk Shake
892,Vanilla Milk Shake
893,White Chocolate Macadamia Nut Cookies (2)
894,Whopper JR.® Sandwich
895,Whopper JR.® Sandwich w/o Mayo
896,Whopper JR.® Sandwich with Cheese
897,Whopper JR.® Sandwich with Cheese w/o Mayo
898,Whopper® Sandwich
899,Whopper® Sandwich w/o Mayo
900,Whopper® Sandwich with Cheese
901,Whopper® Sandwich with Cheese w/o Mayo
902,1/2 LB Clams
903,Baked Potato‐plain
904,Batter‐Dipped Fish
905,Bite Size Shrimp
906,Bite Size Shrimp Salad
907,Breadstick
908,Broccoli
909,Catfish
910,Cheese Sticks
911,Cheesecake
912,Cheesecake with Strawberries
913,Chicken Ranch Sandwich
914,Chicken Tender
915,Chocolate Cake
916,Classic Fish Sandwich
917,Cocktail Sauce
918,Coconut Shrimp
919,Cole Slaw
920,Corn on the Cob
921,Country Style Fish
922,Crab Cake
923,Cracklins
924,French Fries
925,Fried Chicken Salad
926,Fried Flounder
927,Fried Okra
928,Ginger Teriyaki Sauce
929,Great Little Fish Sandwich
930,Green Beans
931,Hush Puppies (2)
932,Jalapeno Poppers
933,Macaroni & Cheese
934,Oysters
935,Pecan Pie
936,Pineapple Cream Cheese Pie
937,Premium Shrimp
938,Roasted Red Potatoes
939,Scampi Butter Sauce
940,Scampi Shrimp
941,Seasoned Rice
942,Seasoned Tilapia
943,Shrimp Skewers
944,Side Salad
945,Stuffed Crab Shell
946,Sweet Chili Sauce
947,Tartar Sauce
948,The Captain
949,Wild Alaskan Salmon
950,Wild Alaskan Salmon Salad
951,Wild Alaskan Salmon Sandwich
952,Bacon & Egg Burrito
953,"Bacon, Egg & Cheese Biscuit"
954,Bean & Cheese Burrito
955,Bean & Cheese Burrito – Chicken
956,Bean & Cheese Burrito – Ground Beef
957,Bean & Cheese Burrito – Steak
958,Big Country® Breakfast Burrito
959,Big Hamburger
960,Biscuit ‘N’ Gravy™
961,Breakfast Burger™
962,Buttermilk Ranch HB Chicken™ Tender Wrapper
963,Carl’s Catch Fish Sandwich®
964,Carne Asada Burrito
965,Charbroiled BBQ Chicken™ Sandwich
966,Charbroiled Chicken Club™ Sandwich
967,Charbroiled Santa Fe Chicken™ Sandwich
968,Chicken Stars™ (4 pieces)
969,Chicken Stars™ (6 pieces)
970,Chicken Stars™ (9 pieces)
971,Chili Cheese Fries
972,Chips
973,Chips & Cheese
974,Chocolate Cake
975,Chocolate Chip Cookie
976,Chocolate Malt
977,Chocolate Shake
978,Cranberry Apple Walnut Grilled Chicken Salad w/o Dressing
979,Crisp Burritos (3 pieces)
980,Crisp Burritos (5 pieces)
981,CrissCut® Fries
982,Decaffinated Coffee
983,Double Western Bacon Cheeseburger®
984,Famous Star® with Cheese
985,Fish & Chips
986,Fish Taco
987,French Toast Dips® – No Syrup (5 pieces)
988,Fresh Brewed Iced Tea
989,Fresh Brewed Iced Tea
990,Fresh Brewed Iced Tea
991,Fresh Brewed Iced Tea
992,Fried Zucchini
993,Green Burrito® Taco Salad w/o Dressing
994,Grilled Chicken Burrito
995,Guacamole
996,Guacamole Turkey Burger
997,"Ham, Egg & Cheese Biscuit"
998,Hand-Breaded Chicken Fillet Sandwich
999,"Hand-Breaded Chicken Tenders™ (10pc box; 2, 5pc servings)"
1000,"Hand-Breaded Chicken Tenders™ (15pc box; 3, 5pc servings)"
1001,"Hand-Breaded Chicken Tenders™ (20pc box; 4, 5pc servings)"
1002,Hand-Breaded Chicken Tenders™ (3 pieces)
1003,Hand-Breaded Chicken Tenders™ (5 pieces)
1004,Hard Taco – Chicken
1005,Hard Taco – Ground Beef
1006,Hard Taco – Steak
1007,Hash Brown Nuggets
1008,Honey Mustard HB Chicken™ Tender Wrapper
1009,Kid’s Cheeseburger
1010,Kid’s Hamburger
1011,Kid’s Hand-Breaded Chicken Tenders™ (2 pieces)
1012,Loaded Breakfast Burrito
1013,Made From Scratch Biscuit™
1014,Monster Biscuit®
1015,Nacho Taco
1016,Natural-Cut Fries (Kids)
1017,Natural-Cut Fries (Large)
1018,Natural-Cut Fries (Medium)
1019,Natural-Cut Fries (Small)
1020,Onion Rings
1021,OREO® Cookie Malt
1022,OREO® Cookie Shake
1023,Original Grilled Chicken Salad w/o Dressing
1024,Pinto Beans & Cheese – Family Size
1025,Pinto Beans & Cheese – Small
1026,Quesadilla – Cheese
1027,Quesadilla – Chicken
1028,Quesadilla – Steak
1029,Regular Coffee
1030,Rice – Family Size
1031,Rice – Small
1032,"Sausage, Egg & Cheese Biscuit"
1033,Side Salad w/o Dressing
1034,Soft Taco – Chicken
1035,Soft Taco – Ground Beef
1036,Soft Taco – Steak
1037,Sour Cream
1038,Sourdough Breakfast Sandwich
1039,Southwest Chicken Soft Taco
1040,Spicy Chicken Sandwich
1041,Steak & Egg Burrito
1042,Strawberry Biscuit
1043,Strawberry Malt
1044,Strawberry Shake
1045,Strawberry Swirl Cheesecake
1046,Sunrise Croissant®
1047,Super Nachos – Chicken
1048,Super Nachos – Ground Beef
1049,Super Nachos – Steak
1050,Super Star® with Cheese
1051,Sweet & Bold BBQ HB Chicken Tender™ Wrapper
1052,Taco Salad – Chicken
1053,Taco Salad – Ground Beef
1054,Taco Salad – Steak
1055,Teriyaki Burger™
1056,Teriyaki Turkey Burger
1057,The Big Carl®
1058,The Green Burrito® – Chicken
1059,The Green Burrito® – Steak
1060,The Guacamole Bacon Six Dollar Burger®
1061,The Low Carb Six Dollar Burger®
1062,The Original Six Dollar Burger®
1063,The Portobello Mushroom Six Dollar Burger™
1064,The Western Bacon Six Dollar Burger®
1065,Turkey Burger
1066,Vanilla Malt
1067,Vanilla Shake
1068,Western Bacon Cheeseburger®
1069,2 pieces of Toast
1070,4 oz. Hash Browns
1071,5 Chicken Fingers
1072,Bacon 3 Cheese
1073,Bacon Omelet
1074,"Bacon, Egg & Cheese"
1075,BBQ Cheddar
1076,Buffalo Chicken Salad
1077,Cheddar Bacon Fries
1078,Cheddar Fries
1079,Chicken Bacon Club
1080,Chicken Buffalo
1081,Chicken California
1082,Chicken Cordon Blue
1083,Chicken Teriyaki
1084,Chicken Teriyaki Salad
1085,Egg & Cheese
1086,Fresh Garden
1087,Grilled Chicken Salad
1088,Grilled Steak Salad
1089,Ham Omelet
1090,"Ham, Egg & Cheese"
1091,Italian Deli
1092,Kid’s (3 Chicken Fingers)
1093,Kids Fries
1094,Large Fries
1095,Mushroom Swiss Steak
1096,Philly Cheesesteak
1097,Philly Chicken
1098,Philly Ham & Swiss
1099,Philly Steak and Bleu
1100,Philly Steak Deluxe
1101,Philly Veggie
1102,Ranch BaconFries
1103,Reg.Fries
1104,Sausage Omelet
1105,"Sausage, Egg & Cheese"
1106,Sicilian Steak
1107,"Steak, Egg & Cheese"
1108,Turkey Cheddar Melt
1109,Two Eggs Scrambled
1110,Ultimate Club
1111,Ultimate Fries
1112,Veggie Omelet
1113,Western Omelet
1114,100% Colombian Coffee
1115,"Bacon, Egg & Cheese Biscuit"
1116,Banana Pudding Milkshake
1117,Carrot & Raisin Salad
1118,Chargrilled & Fruit Salad
1119,Chargrilled Chicken Club Sandwich
1120,Chargrilled Chicken Cool Wrap
1121,Chargrilled Chicken Garden Salad
1122,Chargrilled Chicken Sandwich
1123,Chick-fil-A Chick-n-Minis™
1124,Chick-fil-A® Cheesecake
1125,Chick-fil-A® Chicken Biscuit
1126,Chick-fil-A® Diet Lemonade
1127,Chick-fil-A® Lemon Pie
1128,Chick-fil-A® Lemonade
1129,Chick-fil-A® Spicy Chicken Biscuit
1130,Chick-n-Strips
1131,Chick-n-Strips Salad
1132,Chicken Breakfast Burrito
1133,Chicken Caesar Cool Wrap
1134,Chicken Salad Cup
1135,Chicken Salad Sandwich
1136,Chicken Sandwich
1137,Chicken Tortilla Soup
1138,"Chicken, Egg & Cheese on Sunflower Multigrain Bagel"
1139,Chocolate Milkshake
1140,Cinnamon Brown Sugar
1141,Cinnamon Cluster
1142,Cole Slaw
1143,Cookies & Cream Milkshake
1144,Deluxe Chicken Sandwich
1145,Fruit Cup
1146,Fudge Brownie
1147,Hash Browns
1148,Hearty Breast of Chicken Soup
1149,Iced Tea – Sweetened
1150,Iced Tea – Unsweetened
1151,Icedream®
1152,Mixed Fruit Blend
1153,Multigrain Oatmeal
1154,Nuggets
1155,Plain Biscuit
1156,Roasted Nut Topping
1157,Sausage Breakfast Burrito
1158,"Sausage, Egg, and Cheese Biscuit"
1159,Side Salad
1160,Southwest Chargrilled Salad
1161,Spicy Chicken Cool Wrap
1162,Spicy Chicken Sandwich
1163,Spicy Chicken Sandwich Deluxe
1164,Strawberry Milkshake
1165,Vanilla Milkshake
1166,Waffle Potato Fries
1167,Yogurt Parfait
1168,Yogurt Parfait with Chocolate Cookie Crumbs
1169,Yogurt Parfait with Granola
1170,Add Fried Shrimp to any Entrée
1171,Add Fried Shrimp to any Entrée
1172,Add Rice and Black Beans
1173,Add Spicy Garlic & Lime Shrimp to any Entrée
1174,Add Spicy Garlic & Lime Shrimp to any Entrée
1175,Applewood Smoked Bacon
1176,Avocado Burger on Wheat Bun w/ fries
1177,Avocado Slices
1178,Bacon Ranch Chicken Quesadilla
1179,Bacon Ranch Chicken Quesadilla w/ Fries
1180,Bacon Ranch Steak Quesadilla
1181,BBQ Pulled Pork Sandwich on White Bun with fries
1182,BBQ Sauce (Original)
1183,Beef Fajitas – w/o Tortillas and Condiments
1184,Big Mouth Burger Bites w/ Fries
1185,Big Mouth® Bites w/ Ranch with fries
1186,Black Bean Patty Only
1187,Black Beans
1188,Boneless Buffalo Chicken Salad
1189,Boneless Buffalo Wings w/ Bleu Cheese
1190,Bottomless Tostada Chips w/ Salsa
1191,Broccoli Cheese Soup
1192,Broccoli Cheese Soup
1193,Brownie Sundae
1194,Buffalo Chicken Ranch Sandwich on White Bun with fries
1195,Cajun Pasta w/ Grilled Chicken
1196,Cajun Pasta w/ Grilled Chicken (Lunch Combo)
1197,Cajun Pasta w/ Grilled Shrimp
1198,California Club Sandwich w/ Fries
1199,California Club Sandwich w/ fries
1200,Caribbean Salad w/ Grilled Chicken
1201,Caribbean Salad w/ Grilled Shrimp
1202,"Cheese, American"
1203,"Cheese, Cheddar"
1204,"Cheese, Provolone"
1205,"Cheese, Swiss"
1206,Cheesecake
1207,Chicken & Green Chile Soup
1208,Chicken & Green Chile Soup
1209,Chicken Caesar Salad
1210,Chicken Club Tacos
1211,Chicken Crispers® w/ Honey Mustard
1212,Chicken Enchilada
1213,Chicken Enchilada Soup
1214,Chicken Enchilada Soup
1215,Chicken Fajitas – w/o Tortillas and Condiments
1216,Chili’s Terlingua Chili w/ Toppings
1217,Chili’s Terlingua Chili w/ Toppings
1218,Chocolate Chip Paradise Pie
1219,Cinnamon Apples
1220,Classic Bacon Burger w/ fries
1221,Classic Nachos (12)
1222,Classic Nachos (8)
1223,Classic Nachos – Beef (12)
1224,Classic Nachos – Beef (8)
1225,Classic Nachos – Chicken (12)
1226,Classic Nachos – Chicken (8)
1227,Classic Sirloin
1228,Classic Sirloin (Lunch Combo)
1229,Classic Turkey Sandwich w/ fries
1230,Classic Turkey Sandwich w/ Fries (Lunch Combo)
1231,Cobb Salad
1232,Cole Slaw
1233,Country-Fried Steak
1234,Crispy Chicken Crispers® No Dressing
1235,Crispy Chicken Tacos
1236,Crispy Honey-Chipotle Chicken Crispers® w/ Ranch
1237,Crispy Onion String & Jalapeno Stack w/ Ranch
1238,Crispy Shrimp Tacos
1239,"Dressing, Ancho Chile Ranch"
1240,"Dressing, Avocado Ranch"
1241,"Dressing, Bleu Cheese"
1242,"Dressing, Citrus Balsamic Vinaigrette"
1243,"Dressing, Honey Lime"
1244,"Dressing, Honey Mustard"
1245,"Dressing, Honey Mustard No Fat"
1246,"Dressing, Low Fat Ranch"
1247,"Dressing, Ranch"
1248,Fajita Chicken Sandwich w/ Fries
1249,Fajita Trio – w/o Tortillas and Condiments
1250,Fire-Grilled Corn Guacamole w/ Chips
1251,Flame-Grilled Ribeye
1252,Fried Cheese w/ Marinara Sauce
1253,Fried Shrimp w/ Cocktail Sauce
1254,Fried Shrimp w/ Cocktail Sauce
1255,Frosty Chocolate Shake
1256,GG Classic Sirloin
1257,GG Grilled Chicken Sandwich w/ Steamed Broccoli & fries
1258,GG Salmon w/ Garlic & Herbs
1259,GG Santa Fe Chicken Wrap w/ Steamed Broccoli & fries
1260,"Gravy, Black Pepper"
1261,Grilled Chicken Sandwich on White Bun w/ fries
1262,Grilled Ham & Swiss Sandwich w/ fries
1263,Grilled Ham & Swiss Sandwich w/ Fries (Lunch Combo)
1264,Grilled Salmon w/ Garlic & Herbs
1265,Grilled Salmon w/ Garlic & Herbs
1266,Guacamole
1267,Half Rack of Baby Back Ribs
1268,Homestyle Fries
1269,Honey Chipotle Sauce
1270,Hot Spinach & Artichoke Dip w/ Chips
1271,House Salad No Dressing
1272,Jalapeno Smokehouse Burger w/ Ranch with fries
1273,Loaded Baked Potato Soup
1274,Loaded Baked Potato Soup
1275,Loaded Mashed Potatoes
1276,Lunch House Salad No Dressing
1277,Margarita Grilled Chicken
1278,Margarita Grilled Chicken (Lunch Combo)
1279,Mashed Potatoes w/ Black Pepper Gravy
1280,Memphis Dry Rub Ribs
1281,Memphis Dry Rub Ribs (1/2 rack)
1282,Molten Chocolate Cake
1283,Monterey Chicken®
1284,Monterey Chicken® (Lunch Combo)
1285,Mushroom-Swiss Burger w/ fries
1286,Oldtimer® Burger w/ fries
1287,Original Ribs
1288,Original Ribs (1/2 rack)
1289,Over-The-Top Cobb Salad w/ Avocado Ranch
1290,Pepper Pals® Cheese Pizza
1291,Pepper Pals® Cheese Quesadilla
1292,Pepper Pals® Chocolate Shake
1293,Pepper Pals® Corn Dog
1294,Pepper Pals® Crispy Chicken Crispers
1295,Pepper Pals® Grilled Cheese Sandwich
1296,Pepper Pals® Grilled Chicken Platter
1297,Pepper Pals® Grilled Chicken Sandwich
1298,Pepper Pals® Little Chicken Crispers
1299,Pepper Pals® Little Mouth Burger
1300,Pepper Pals® Little Mouth Cheeseburger
1301,Pepper Pals® Macaroni & Cheese Kraft
1302,Pepper Pals® Side Celery Sticks w/ Ranch
1303,Pepper Pals® Side Cinnamon Apples
1304,Pepper Pals® Side Corn Cob w/o Butter
1305,Pepper Pals® Side Homestyle Fries
1306,Pepper Pals® Side Kernel Corn
1307,Pepper Pals® Side Mandarin Oranges
1308,Pepper Pals® Side Mashed Potatoes – w/o Gravy
1309,Pepper Pals® Side Pineapple
1310,Pepper Pals® Side Rice
1311,Pepper Pals® Side Salad w/ Low Fat Ranch
1312,Pepper Pals® Side Steamed Broccoli
1313,Quesadilla Explosion Salad
1314,Ranch Only as served w/ Chips
1315,Rice
1316,Salsa Only as served w/ Chips
1317,Santa Fe Chicken Wrap w/ Ancho-Chile Ranch & fries
1318,Shiner Bock® BBQ Burger w/ fries
1319,Shiner Bock® BBQ Ribs
1320,Shiner Bock® BBQ Ribs (1/2 rack)
1321,Skillet Queso w/ Chips
1322,Sour Cream
1323,Southern Smokehouse Burger w/ Ancho Chile BBQ & fries
1324,Southwestern BLT Sandwich w/ Fries
1325,Southwestern Eggrolls w/ Avocado Ranch
1326,Spicy Garlic & Lime Grilled Shrimp
1327,Steakhouse Sandwich w/ fries
1328,Steamed Broccoli
1329,Sweet Corn
1330,Sweet Corn
1331,Sweet Corn on the Cob w/ Butter
1332,Texas Cheese Fries -1/2 order w/ Chili & Ranch
1333,Texas Cheese Fries -1/2 order w/ Ranch
1334,Texas Cheese Fries w/ Chili & Ranch
1335,Texas Cheese Fries w/ Ranch
1336,Triple Dipper™ Big Mouth® Bites w/ Ranch
1337,Triple Dipper™ Boneless Buffalo Wings w/ Bleu Cheese
1338,Triple Dipper™ Chicken Crispers® No Dressing
1339,Triple Dipper™ Fried Cheese w/ Marinara Sauce
1340,Triple Dipper™ Hot Spinach & Artichoke Dip w/ Chips
1341,Triple Dipper™ Southwestern Eggrolls w/ Avocado Ranch
1342,Triple Dipper™ Wings Over Buffalo® w/ Bleu Cheese
1343,"Wheat Bun, Plain"
1344,Wings Over Buffalo® w/ Bleu Cheese
1345,Barbacoa
1346,Barbacoa
1347,Black Beans
1348,Black Beans (side)
1349,Black Beans (taco)
1350,Carnitas
1351,Carnitas
1352,Cheese
1353,Cheese (small quesadilla)
1354,Cheese (taco)
1355,Chicken
1356,Chicken
1357,Chips
1358,Chips
1359,Cilantro-Lime Rice
1360,Cilantro-Lime Rice (side)
1361,Cilantro-Lime Rice (taco)
1362,Crispy Taco Shell
1363,Crispy Taco Shell
1364,Fajita Vegetables
1365,Fajita Vegetables
1366,Flour Tortilla (burrito)
1367,Flour Tortilla (taco)
1368,Flour Tortilla (taco)
1369,Fresh Tomato Salsa
1370,Fresh Tomato Salsa
1371,Green Tomatillo Salsa
1372,Green Tomatillo Salsa
1373,Guacamole
1374,Guacamole
1375,Pinto Beans
1376,Pinto Beans (side)
1377,Pinto Beans (taco)
1378,Red Tomatillo Salsa
1379,Red Tomatillo Salsa
1380,Roasted Chili – Corn Salsa
1381,Roasted Chili – Corn Salsa
1382,Romaine Lettuce (salad)
1383,Romaine Lettuce (taco)
1384,Romaine Lettuce (tacos)
1385,Soft Corn Tortilla
1386,Soft Corn Tortilla
1387,Sour Cream
1388,Sour Cream
1389,Steak
1390,Steak
1391,Vinaigrette
1392,Apple Pie
1393,Boneless Wing – with Sauce
1394,Boneless Wing – without Sauce
1395,Cajun Rice
1396,Chicken Fried Steak
1397,Chicken Sandwich with Cheese
1398,Cole Slaw
1399,Collard Greens
1400,Corn
1401,Double Chicken N Cheese Sandwich
1402,Fish Fillet (1)
1403,French Fries
1404,Green Beans
1405,Honey-Butter Biscuit
1406,Jalapeño Cheese Bombers® (4)
1407,Jalapeño Pepper
1408,Livers (6)
1409,Macaroni & Cheese
1410,Mashed Potatoes & Gravy
1411,Nuggets (5)
1412,Okra
1413,Original Breast
1414,Original Chicken Sandwich
1415,Original Leg
1416,Original Thigh
1417,Original Wing
1418,Red Beans & Rice
1419,Shrimp (8)
1420,Southern Style Chicken Sandwich
1421,Spicy Breast
1422,Spicy Chicken Sandwich
1423,Spicy Leg
1424,Spicy Southern Style Chicken Sandwich
1425,Spicy Tender Strips™
1426,Spicy Thigh
1427,Spicy Wing
1428,Strawberry Shortcake
1429,Sweet Corn Nuggets (8)
1430,Sweet Tea – Large
1431,Sweet Tea – Medium
1432,Sweet Tea – Small
1433,Tender Strips™
1434,Unsweet Tea – Large
1435,Unsweet Tea – Medium
1436,Unsweet Tea – Small
1437,"8-Grain Bagel – LF, VG"
1438,Add Spread – Country Dijon Mustard (Combo)
1439,Add Spread – Mayo (Combo)
1440,All American Scrambler (with Bacon) – G (Egg Whites)
1441,All American Scrambler (with Bacon) – G (Whole Eggs)
1442,All American Scrambler (with Sausage) (Egg Whites)
1443,All American Scrambler (with Sausage) (Whole Eggs)
1444,Anaheim Panini (Egg Whites)
1445,Anaheim Panini (Whole Eggs)
1446,Anaheim Scrambler – G (Egg Whites)
1447,Anaheim Scrambler – G (Whole Eggs)
1448,Apricot Walnut Rugalach – V
1449,Asian Edamame Salad – V (Side)
1450,Asian Edamame Salad – V (Trio)
1451,Asian Wonton Salad (Café & Combo)
1452,Asian Wonton Salad (Entrée)
1453,Avocado Wedge – VG (Side)
1454,Avocado Wedge – VG (Trio)
1455,"Baby Carrots – LF, VG, G"
1456,"Bacon, 3-slices – G"
1457,Baked French Toast – V
1458,Baked French Toast w/Bacon & Fresh Fruit
1459,Baked French Toast w/Bacon & Scrambled Eggs (Egg Whites)
1460,Baked French Toast w/Bacon & Scrambled Eggs (Whole Eggs)
1461,Baked French Toast w/Sausage & Fresh Fruit
1462,Baked French Toast w/Sausage & Scrambled Eggs (Egg Whites)
1463,Baked French Toast w/Sausage & Scrambled Eggs (Whole Eggs)
1464,"Bakery Chips – VG, G"
1465,Banana – Whole (Kids’ Menu) – G
1466,Banana Baby Bundt Cake – V
1467,Banana Muffin – V
1468,Big Al’s Chili w/Cheddar Cheese (bowl)
1469,Big Al’s Chili w/Cheddar Cheese (cup)
1470,"Blueberry Bagel – LF, VG"
1471,Blueberry Muffin – V
1472,"Breakfast Potatoes – VG, G"
1473,Brioche Flatbread (slice)
1474,Brioche Flatbread (whole)
1475,Caesar Salad
1476,Caesar Salad (Café & Combo)
1477,Caesar Salad (Entrée)
1478,Caesar Salad (side & trio portion)
1479,Caesar Salad w/Roasted Chicken (Café & Combo)
1480,Caesar Salad w/Roasted Chicken (Entrée)
1481,California Grille – V (Combo)
1482,California Grille – V (Whole)
1483,Cappuccino – Nonfat
1484,Cappuccino – Nonfat
1485,Cappuccino – Nonfat
1486,Cappuccino – Whole
1487,Cappuccino – Whole
1488,Cappuccino – Whole
1489,Caramel Latte – Nonfat
1490,Caramel Latte – Nonfat
1491,Caramel Latte – Nonfat
1492,Caramel Latte – Whole
1493,Caramel Latte – Whole
1494,Caramel Latte – Whole
1495,Chai Latte – Nonfat
1496,Chai Latte – Nonfat
1497,Chai Latte – Nonfat
1498,Chai Latte – Whole
1499,Chai Latte – Whole
1500,Chai Latte – Whole
1501,Cheddar Broccoli
1502,Cheddar Broccoli  (bowl)
1503,Cheddar Broccoli  (cup)
1504,Chicken Apple Sausage Panini (Egg Whites)
1505,Chicken Apple Sausage Panini (Whole Eggs)
1506,"Chicken Apple Sausage, 2-patties"
1507,Chicken Carbonara – (Combo)
1508,Chicken Carbonara – (Combo)
1509,Chicken Carbonara – (Entrée)
1510,Chicken Carbonara – (Whole)
1511,Chicken Pomodori (Combo)
1512,Chicken Pomodori (Whole)
1513,Chocolate Baby Bundt Cake – V
1514,Chocolate Chip Cookie – V
1515,Chocolate Muffin – V
1516,Chocolate Turtle Baby Bundt Cake – V
1517,Chopped Salad – G (Café & Combo)
1518,Chopped Salad – G (Entrée)
1519,Ciabatta Ficelle – V
1520,Cinnamon Creme Cake – Slice (12 slices/cake) – V
1521,Cinnamon Crumb Muffin – V
1522,Cinnamon Pecan Rugalach – V
1523,Cinnamon Raisin – V (slice)
1524,Cinnamon Raisin – V (whole)
1525,"Cinnamon Raisin Bagel – LF, VG"
1526,Cinnamon Roll – V
1527,Corned Beef Reuben (Combo)
1528,Corned Beef Reuben (Whole)
1529,Corner Club (Combo)
1530,Corner Club (Whole)
1531,Country Boule – VG (slice)
1532,Country Boule – VG (whole)
1533,Country Bread Boule – Bowl Option  (bowl)
1534,Country Bread Boule – Bowl Option  (cup)
1535,Country Large Oblong – VG (slice)
1536,Country Large Oblong – VG (whole)
1537,Country Small Oblong – VG (slice)
1538,Country Small Oblong – VG (whole)
1539,Cream Cheese Brownie – V
1540,Croissant – V
1541,D.C. Chicken Salad – G (Side)
1542,D.C. Chicken Salad – G (Trio)
1543,D.C. Chicken Salad on Steakhouse Rye Bread – (Combo)
1544,D.C. Chicken Salad on Steakhouse Rye Bread – (Whole)
1545,"Egg Salad – V, G (Side)"
1546,"Egg Salad – V, G (Trio)"
1547,"Everything Bagel – LF, VG"
1548,"Farmer’s Scrambler – V, G (Egg Whites)"
1549,"Farmer’s Scrambler – V, G (Whole Eggs)"
1550,Focaccia Loaf – VG (slice)
1551,Focaccia Loaf – VG (whole)
1552,"Focaccia Roll – LF, VG"
1553,Frozen Mango Lemonade – VG
1554,Frozen Mango Lemonade – VG
1555,Frozen Mango Pomegranate Swirl – VG
1556,Frozen Mango Pomegranate Swirl – VG
1557,Frozen Pomegranate Lemonade – VG
1558,Frozen Pomegranate Lemonade – VG
1559,Fudge Brownie
1560,Garlic Bread (Pasta Entrées Only) – V
1561,Grapes – Small Bunch (Kids’ Menu) – G
1562,"Greek Vegetable Salad – V, G (Side)"
1563,"Greek Vegetable Salad – V, G (Trio)"
1564,Green Chile & Chicken (Combo)
1565,Green Chile & Chicken (Whole)
1566,Grilled Cheese Sandwich – V (Combo)
1567,Grilled Cheese Sandwich – V (Whole)
1568,Grilled Ham & Swiss (Combo)
1569,Grilled Ham & Swiss (Whole)
1570,Half Moon Cheese Ravioli – V
1571,Half Moon Cheese Ravioli – V (Combo)
1572,Half Moon Cheese Ravioli – V (Entrée)
1573,Ham & Swiss Panini (Egg Whites)
1574,Ham & Swiss Panini (Whole Eggs)
1575,Ham on Pretzel Bread – LF (Combo)
1576,Ham on Pretzel Bread – LF (Whole)
1577,Ham Sandwich – LF (Combo)
1578,Ham Sandwich – LF (Whole)
1579,Ham Sandwich on Harvest Bread – LF (Combo)
1580,Ham Sandwich on Harvest Bread – LF (Whole)
1581,Harvest – VG (slice)
1582,Harvest – VG (whole)
1583,"Harvest Crisp – LF, VG"
1584,Harvest Salad – V (Café & Combo)
1585,Harvest Salad – V (Entrée)
1586,Harvest Salad w/Roasted Chicken (Café & Combo)
1587,Harvest Salad w/Roasted Chicken (Entrée)
1588,"Harvest Toast – LF, VG"
1589,Horizon Milk – Chocolate
1590,Horizon Milk – White
1591,Iced Coffee – Black
1592,Iced Coffee – Black
1593,Iced Coffee – Creamy
1594,Iced Coffee – Creamy
1595,Italian Wedding Soup
1596,Italian Wedding Soup w/ Parmesan Cheese  (bowl)
1597,Italian Wedding Soup w/ Parmesan Cheese  (cup)
1598,Kid’s Apple Juice
1599,Kid’s Berry Juice
1600,Kids’ Cheesy Scrambler w/Toast & Bacon
1601,Kids’ Cheesy Scrambler w/Toast & Fresh Fruit
1602,Kids’ Scrambler w/Toast & Bacon
1603,Kids’ Scrambler w/Toast & Fresh Fruit
1604,Latte – Nonfat
1605,Latte – Nonfat
1606,Latte – Nonfat
1607,Latte – Whole
1608,Latte – Whole
1609,Latte – Whole
1610,Lemon Bar – V
1611,Lemon Pound Cake – Slice
1612,Loaded Baked Potato
1613,Loaded Baked Potato w/Cheddar Cheese & Green Onion
1614,Loaded Baked Potato w/Cheddar Cheese & Green Onion
1615,Macaroni & Cheese – Kraft
1616,Maple Pecan Bar – V
1617,Mixed Greens Salad – V (Café & Combo)
1618,Mixed Greens Salad – V (Entrée)
1619,Mixed Greens Salad w/dressing (side & trio portion) – V
1620,Mixed Greens Salad w/dressing – V
1621,Mixed Greens w/dressing (garnish) – VG
1622,Mom’s Chicken Noodle – LF
1623,Mom’s Chicken Noodle – LF  (bowl)
1624,Mom’s Chicken Noodle – LF  (cup)
1625,Mom’s Corned Beef on Caraway Rye Bread (Combo)
1626,Mom’s Corned Beef on Caraway Rye Bread (Whole)
1627,Mom’s Egg Salad on White Bread (Combo)
1628,Mom’s Egg Salad on White Bread (Whole)
1629,Mom’s Roast Beef on Sourdough Bread (Combo)
1630,Mom’s Roast Beef on Sourdough Bread (Whole)
1631,Mom’s Roasted Chicken on Harvest Bread (Combo)
1632,Mom’s Roasted Chicken on Harvest Bread (Whole)
1633,Mom’s Smoked Ham on White Bread (Combo)
1634,Mom’s Smoked Ham on White Bread (Whole)
1635,Mom’s Tuna Salad on Harvest Bread (Combo)
1636,Mom’s Tuna Salad on Harvest Bread (Whole)
1637,1/2 lb. FlameThrower® GrillBurger
1638,1/2 lb. GrillBurger with Cheese
1639,1/4 lb. Bacon Cheese GrillBurger™
1640,1/4 lb. GrillBurger with Cheese
1641,1/4 lb. Mushroom Swiss GrillBurger
1642,Applesauce
1643,"Arctic Rush Float, All Flavors – Large"
1644,"Arctic Rush Float, All Flavors – Medium"
1645,"Arctic Rush Float, All Flavors – Small"
1646,"Arctic Rush Freeze, All Flavors – Large"
1647,"Arctic Rush Freeze, All Flavors – Medium"
1648,"Arctic Rush Freeze, All Flavors – Small"
1649,"Arctic Rush, All Flavors – Large"
1650,"Arctic Rush, All Flavors – Medium"
1651,"Arctic Rush, All Flavors – Small"
1652,Bacon Biscuit Sandwich
1653,Banana
1654,Banana Cream Pie Blizzard – Large
1655,Banana Cream Pie Blizzard – Medium
1656,Banana Cream Pie Blizzard – Mini
1657,Banana Cream Pie Blizzard – Small
1658,Banana Slices
1659,Banana Split
1660,Banana Split Blizzard – Large
1661,Banana Split Blizzard – Medium
1662,Banana Split Blizzard – Mini
1663,Banana Split Blizzard – Small
1664,Barbecue Beef Sandwich
1665,Barbecue Pork Sandwich
1666,Biscuits & Gravy
1667,Breaded Mushrooms
1668,Brownie Pieces
1669,Buster Bar® Treat***
1670,Butterfinger Blizzard – Large
1671,Butterfinger Blizzard – Medium
1672,Butterfinger Blizzard – Small
1673,Butterfinger Pieces
1674,Butterfinger® Blizzard – Mini
1675,Butterscotch Dilly Bar
1676,Cappuccino MooLatté – Large
1677,Cappuccino MooLatté – Medium
1678,Cappuccino MooLatté – Small
1679,Caramel MooLatté – Large
1680,Caramel MooLatté – Medium
1681,Caramel MooLatté – Small
1682,Caramel Topping
1683,Cheese Curds
1684,Cheeseburger Kids’
1685,Cheesecake Pieces
1686,Cherry Dilly Bar
1687,Cherry StarKiss® Bar
1688,Chick. Strip Basket – 4pc w/ Country Gravy
1689,Chick. Strip Basket – 6pc w/ Country Gravy
1690,Chicken Quesadilla Basket
1691,Chicken Strip Kids’ (2)
1692,Chili – Bowl
1693,Chili – Cup
1694,Chili Cheese Dog
1695,Chili Cheese Fries
1696,Chili Dog
1697,Choc. Cov. Strawberry Waffle Bowl Sundae
1698,"Choc. Xtreme Blizzard Cake, 10”, 1/12 slice***"
1699,"Choc. Xtreme Blizzard Cake, 8”, 1/8 slice***"
1700,Choco Cherry Love Blizzard – Large
1701,Choco Cherry Love Blizzard – Medium
1702,Choco Cherry Love Blizzard – Mini
1703,Choco Cherry Love Blizzard – Small
1704,Choco Chunks
1705,Chocolate Chip Cookie Dough Pieces
1706,Chocolate Coated Waffle Cone w/ Soft Serve
1707,Chocolate Cone – Kids’
1708,Chocolate Cone – Large
1709,Chocolate Cone – Medium
1710,Chocolate Cone – Small
1711,Chocolate Dilly® Bar***
1712,Chocolate Mint Dilly Bar
1713,Chocolate Topping
1714,Chocolate Xtreme Blizzard – Large
1715,Chocolate Xtreme Blizzard – Medium
1716,Chocolate Xtreme Blizzard – Mini
1717,Chocolate Xtreme Blizzard – Small
1718,Cocoa Fudge
1719,Coconut Flakes
1720,Cookie Dough Blizzard – Large
1721,Cookie Dough Blizzard – Medium
1722,Cookie Dough Blizzard – Mini
1723,Cookie Dough Blizzard – Small
1724,Corn Dog
1725,Country Platter
1726,Crispy Chicken Salad
1727,Crispy Chicken Sandwich
1728,Crispy Chicken Wrap
1729,Crispy Fish Sandwich
1730,Crispy FlameThrower Chicken Sandwich
1731,Deluxe Cheeseburger
1732,Deluxe Double Cheeseburger
1733,Deluxe Double Hamburger
1734,Deluxe Hamburger
1735,"Dipped Cone, Chocolate – Kids’ ***"
1736,"Dipped Cone, Chocolate – Large ***"
1737,"Dipped Cone, Chocolate – Medium ***"
1738,"Dipped Cone, Chocolate – Small ***"
1739,Double Fudge Cookie Dough Blizzard – Large
1740,Double Fudge Cookie Dough Blizzard – Med
1741,Double Fudge Cookie Dough Blizzard – Mini
1742,Double Fudge Cookie Dough Blizzard – Small
1743,"DQ Cake, 10”, 1/12 slice"
1744,"DQ Cake, 8”, 1/8 slice"
1745,"DQ Heart Cake, 1/10 slice"
1746,DQ Home-Pak
1747,"DQ Log Cake, 1/8 slice"
1748,DQ Sandwich
1749,"DQ Sheet Cake, 1/24 slice"
1750,DQ Ultimate® Burger
1751,Foot-Long Chili Cheese Dog
1752,Foot-Long Hot Dog
1753,French Fries – Kids’
1754,French Fries – Large
1755,French Fries – Regular
1756,French Silk Pie Blizzard – Large
1757,French Silk Pie Blizzard – Medium
1758,French Silk Pie Blizzard – Mini
1759,French Silk Pie Blizzard – Small
1760,French Vanilla MooLatté – Large
1761,French Vanilla MooLatté – Medium
1762,French Vanilla MooLatté – Small
1763,Fries
1764,Fudge Bar
1765,Fudge Brownie Temptation Waffle Bowl Sundae
1766,Georgia Mud Fudge Blizzard – Large
1767,Georgia Mud Fudge Blizzard – Medium
1768,Georgia Mud Fudge Blizzard – Small
1769,Georgia Mud Fudge® Blizzard – Mini
1770,Grilled Cheese Kids’
1771,Grilled Chicken Salad
1772,Grilled Chicken Sandwich
1773,Grilled Chicken Wrap
1774,Ham Biscuit Sandwich
1775,Hashbrowns
1776,Hawaiian Blizzard – Large
1777,Hawaiian Blizzard – Medium
1778,Hawaiian Blizzard – Mini
1779,Hawaiian Blizzard – Small
1780,Heath Blizzard – Large
1781,Heath Blizzard – Medium
1782,Heath Blizzard – Small
1783,Heath Pieces
1784,Heath® Blizzard – Mini
1785,Heath® Dilly Bar
1786,Hot Dog
1787,Hot Dog Kids’
1788,Hot Fudge Topping
1789,Iron Grilled Cheese Sandwich
1790,Iron Grilled Classic Club Sandwich
1791,Iron Grilled Supreme BLT Sandwich
1792,Iron Grilled Turkey Sandwich
1793,"Lemonade Chiller, Classic, Large"
1794,"Lemonade Chiller, Classic, Medium"
1795,"Lemonade Chiller, Classic, Small"
1796,"Lemonade Chiller, Strawberry, Large"
1797,"Lemonade Chiller, Strawberry, Medium"
1798,"Lemonade Chiller, Strawberry, Small"
1799,M&M’s Chocolate Candies
1800,M&M’s Chocolate Candy Blizzard – Large
1801,M&M’s Chocolate Candy Blizzard – Medium
1802,M&M’s Chocolate Candy Blizzard – Small
1803,M&M’s® Chocolate Candy Blizzard – Mini
1804,"Malt, Banana – Large"
1805,"Malt, Banana – Medium"
1806,"Malt, Banana – Small"
1807,"Malt, Caramel – Large"
1808,"Malt, Caramel – Medium"
1809,"Malt, Caramel – Small"
1810,"Malt, Cherry – Large"
1811,"Malt, Cherry – Medium"
1812,"Malt, Cherry – Small"
1813,"Malt, Chocolate – Large"
1814,"Malt, Chocolate – Medium"
1815,"Malt, Chocolate – Small"
1816,"Malt, Hot Fudge – Large"
1817,"Malt, Hot Fudge – Medium"
1818,"Malt, Hot Fudge – Small"
1819,"Malt, Peanut Butter – Large"
1820,"Malt, Peanut Butter – Medium"
1821,"Malt, Peanut Butter – Small"
1822,"Malt, Strawberry – Large"
1823,"Malt, Strawberry – Medium"
1824,"Malt, Strawberry – Small"
1825,"Malt, Vanilla – Large"
1826,"Malt, Vanilla – Medium"
1827,"Malt, Vanilla – Small"
1828,Midnight Truffle Blizzard – Large
1829,Midnight Truffle Blizzard – Medium
1830,Midnight Truffle Blizzard – Mini
1831,Midnight Truffle Blizzard – Small
1832,Mint Oreo Blizzard – Large
1833,Mint Oreo Blizzard – Medium
1834,Mint Oreo Blizzard – Small
1835,Mint Oreo® Blizzard – Mini
1836,Mocha MooLatté – Large
1837,All  –  American Slam® (add choices)
1838,Apple Dunkers w/ caramel sauce
1839,Apple Pie
1840,Bacon Avocado Burrito w/ hash browns
1841,Bacon Cheddar Burger (add choices)
1842,Bacon Slamburger™ (add choices)
1843,Bacon Strips
1844,Bacon Strips
1845,"Bacon, Lettuce & Tomato (add choices)"
1846,Bagel & Cream Cheese
1847,Banana Pecan Pancake Breakfast
1848,Banana Split
1849,Bananas Foster French Toast Skillet (add meat)
1850,Basket of Puppies w/o syrup
1851,Belgian Waffle Slam®
1852,Bowl of Harvest Oatmeal w/ Milk
1853,Broccoli
1854,Broccoli & Cheddar Soup
1855,Buttermilk Biscuit
1856,Buttermilk Biscuit
1857,Caramel Apple Crisp
1858,Caramel Topping
1859,Cheddar Cheese Hash Browns
1860,Cheese Burger Flatbread
1861,Cheesy @ the Plate (add side)
1862,Cherry Topping
1863,Chicken Avocado Sandwich w/ Fit Fare® fresh veggies
1864,Chicken Deluxe Salad  –  Chicken Strips (add choices)
1865,Chicken Deluxe Salad  –  Grilled Chicken (add choices)
1866,Chicken Noodle Soup
1867,Chicken Ranch Melt w/o dressing (add choices)
1868,Chicken Sausage Patty (1)
1869,Chicken Sausage Patty (2)
1870,Chicken Strips w/ bread (add choices)
1871,Chicken Strips w/ Buffalo Sauce (add dipping sauce)
1872,Chicken Strips w/ Sweet & Tangy BBQ Sauce (add dipping sauce)
1873,Chicken Wings w/ Buffalo Sauce (add dipping sauces)
1874,Chicken Wings w/ Sweet & Tangy BBQ Sauce (add dipping sauce)
1875,Chocolate Chip  –  In Pancakes
1876,Chocolate French Silk Pie
1877,Chocolate Peanut Butter Silk Pie
1878,Chocolate Topping
1879,Chopped Nuts
1880,Clam Chowder
1881,Classic Cheeseburger (add choices)
1882,Club Sandwich (add choices)
1883,Coconut Cream Pie
1884,Coffee
1885,Coleslaw
1886,Cookies & Cream Pie
1887,Corn
1888,Country  –  Fried Steak & Eggs (add choices)
1889,Country  –  Fried Steak w/ gravy (add choices)
1890,Cranberry Apple Chicken Salad w/ balsamic vinaigrette / no bread
1891,Dippable Veggies / no dressing
1892,Double Cheeseburger (add choices)
1893,Egg Whites
1894,Egg Whites (2)
1895,Eggs (2)
1896,Eggs (each) 2 oz = 1 egg
1897,English Muffin / no margarine
1898,English Muffin / no margarine
1899,"Everything Hash Browns w/ onions, cheese & country gravy"
1900,Fiesta Corn
1901,Finish Line Fries
1902,Fish & Chips (add dinner bread choice)
1903,Fishing Goldfish® Crackers
1904,Fit Fare® Omelette
1905,Fit Fare® Sweet & Tangy BBQ Chicken w/ broccoli & corn
1906,Fit Fare® Tilapia Ranchero
1907,Fit Slam®
1908,Flavored Cappuccino
1909,Floats (Root Beer or Coca  –  Cola®)
1910,"French Fries, salted"
1911,"French Fries, salted"
1912,French Toast Slam®
1913,Fruit   –   Banana
1914,Fruit   –   Grapes
1915,Fudge Topping
1916,Game  –  On Grapes
1917,Garden Salad w/o dressing
1918,Garlic Dinner Bread
1919,Garlic Dinner Bread
1920,Glazed Pecans
1921,Golden  –  Fried Shrimp
1922,Green Beans
1923,Grilled Ham Slice
1924,Grilled Ham Slice
1925,Grilled Shrimp Skewer
1926,Grits w/ margarine
1927,Grits w/ margarine
1928,Grits w/ margarine
1929,Groovy Mango
1930,Half Size Cranberry Apple Chicken Salad w/ balsamic vinaigrette / no bread
1931,Half Size Sampler™ (add sauce)
1932,Half Size Zesty Nachos
1933,Harvest Oatmeal Breakfast
1934,Hash Browns
1935,Hash Browns
1936,Hash Browns
1937,Hash Browns
1938,Heartland Scramble®
1939,Hershey®’s Chocolate Cake
1940,Hickory Grilled Chicken Sandwich (add choices)
1941,High Diving Veggies w/ ranch dressing
1942,Home Plate Mashed Potatoes w/ brown gravy
1943,Hot Fudge Brownie A La Mode
1944,"Ice Cream (Vanilla, Chocolate or Strawberry)"
1945,Jr. Grand Slam®
1946,Key Lime Pie
1947,Kids’ OREO® Blender Blaster
1948,Lemon Meringue Layer Pie
1949,Lemon Pepper Grilled Tilapia w/ bread (add choices)
1950,Loaded Baked Potato Soup
1951,Lumberjack Slam® (add choices)
1952,Mashed Potatoes
1953,Meat Lover’s Scramble
1954,"Milk Shakes (Vanilla, Chocolate or Strawberry)"
1955,"Milk Shakes (Vanilla, Chocolate or Strawberry)"
1956,Moons Over My Hammy Omelette™ w/ hash browns (add choices)
1957,Moons Over My Hammy® (add choices)
1958,Mozzarella Cheese Sticks (add marinara sauce)
1959,Mushroom Swiss Burger (add choices)
1960,Mushroom Swiss Chopped Steak w/ bread (add choices)
1961,New York Style Cheesecake
1962,Oatmeal w/ Milk
1963,OJ Strawberry Mango
1964,Onion Rings
1965,Oreo® Blender Blaster™
1966,Oreo® Cookie Pieces
1967,Pacific Chiller
1968,Pancake Puppies®
1969,"Pancakes, Buttermilk"
1970,"Pancakes, Hearty Wheat"
1971,Patty Melt (add choices)
1972,Pecan Pie
1973,Pineapple Dream™
1974,Pit Stop Pizza (add side)
1975,Prime Rib & Chicken Sizzlin’ Skillet
1976,Prime Rib Philly Melt (add choices)
1977,Prime Rib Skillet
1978,Pumpkin Pie
1979,Red  –  Skinned Potatoes
1980,Red  –  Skinned Potatoes
1981,Sampler™ (add sauce)
1982,Santa Fe Skillet
1983,Sausage Links
1984,Sausage Links (4)
1985,Sautéed Spinach
1986,Sautéed Spinach w/ Pico de Gallo & Bacon
1987,Seasonal Fruit
1988,Seasonal Fruit
1989,Seasoned Fries
1990,Senior Belgian Waffle Slam® w/ egg
1991,Senior Club Sandwich (add choices)
1992,Senior Country  –  Fried Steak w/ bread (add choices)
1993,Senior Fit Fare® Grilled Chicken
1994,Senior Fit Fare® Omelette
1995,Senior French Toast Slam® w/ egg (add choices)
1996,Senior Grilled Cheese Deluxe Sandwich (add choices)
1997,Senior Grilled Chicken w/ bread (add choices)
1998,Senior Grilled Shrimp Skewer w/ bread (add choices)
1999,Senior Lemon Pepper Grilled Tilapia w/ bread (add choices)
2000,Senior Omelette (add choices)
