id,name
2002,Senior Soup & Salad (add dressing choice)
2003,Senior Starter™ (add choices)
2004,Slam® Dribblers
2005,Slap Shot Slider (1) (add side)
2006,Slices of Toast w/ margarine
2007,Slices of Toast w/ margarine
2008,Smoked Cheddar Mashed Potatoes
2009,Smothered Cheese Fries
2010,Soccer Shake   –   all flavors
2011,Softball Pancake w/ meat
2012,Southwestern Steak Burrito w/ hash browns
2013,"Spaghetti, Set, Go! (add side)"
2014,Spicy Buffalo Chicken Melt (add choices)
2015,Strawberry Banana Bliss
2016,Strawberry Lemonade
2017,Strawberry Mango Pucker™
2018,Strawberry Topping
2019,Sundae Sundae Sundae!
2020,Sweet & Tangy BBQ Chicken w/ bread & veggies
2021,Sweet Georgia Peach
2022,T  –  Bone Steak & Breaded Shrimp w/ bread (add choices)
2023,T  –  Bone Steak & Eggs (add choices)
2024,T  –  Bone Steak & Shrimp Skewer w/ bread (add choices)
2025,T  –  Bone Steak w/ bread (add choices)
2026,The Grand Slamwich® w/ hash browns
2027,The Super Bird® (add choices)
2028,Three  –  Dip & Chips
2029,Tilapia Ranchero w/ bread
2030,Tomato Slices
2031,Track & Cheese (add side)
2032,Triple Play Nuggets w/ BBQ sauce (add side)
2033,Tumbling Vanilla Yogurt w/ strawberry topping
2034,Turkey Bacon Strips
2035,Turkey Bacon Strips
2036,Turtle Cheesecake
2037,12 Piece Chicken Meal (Mixed)
2038,12 Piece Chicken Only (Mixed)
2039,2 Legs Kids’ Combo
2040,2 Piece Breast and Wing
2041,2 Piece Leg and Thigh
2042,3 Piece Breast and Wing
2043,3 Piece Leg and Thigh
2044,4 Piece Breast and Wing
2045,4 Piece Leg and Thigh
2046,6.5″ Flour Tortillas(12 pack)
2047,6.5″ Flour Tortillas(2 pack)
2048,6.5″ Flour Tortillas(8 pack)
2049,8 Piece Chicken Meal (Mixed)
2050,8 Piece Chicken Only (Mixed)
2051,Avocado Bacon Chicken Tostada (no dressing)
2052,Avocado Salsa (Hot)
2053,Barbecue Chicken Tostada (no dressing)
2054,BBQ Black Beans (Small)
2055,BBQ Black Beans (Small)
2056,BBQ Black Beans(Large)
2057,BRC Burrito
2058,BRC Burrito
2059,BRC Burrito Kids’ Combo
2060,Chicken Avocado Burrito
2061,Chicken Nuggets Kids’ Combo
2062,Chicken Taco Al Carbon
2063,Chicken Tortilla Roll
2064,Chicken Tortilla Soup
2065,Chicken Tortilla Soup (Small)
2066,Chicken Tortilla Soup Small (no tortilla strips)
2067,Chicken Tostada (no dressing)
2068,Chicken Tostada (no shell & no dressing)
2069,Chicken Tostada (no shell & no dressing)
2070,Cole Slaw(Large)
2071,Cole Slaw(Small)
2072,Corn Cobbettes(Large Side-4 cobs)
2073,Corn Cobbettes(Small Side-2 cobs)
2074,El Tradicional
2075,Flame Grilled Chicken Leg
2076,Flame-Grilled Chicken Breast
2077,Flame-Grilled Chicken Breast w/o Skin
2078,Flame-Grilled Chicken Leg
2079,Flame-Grilled Chicken Thigh
2080,Flame-Grilled Chicken Wing
2081,Flame-Grilled Corn(Large)
2082,Flame-Grilled Corn(Small)
2083,Flan
2084,Flan
2085,Fosters Freeze Vanilla (Kid’s Cone)
2086,Fosters Freeze Vanilla (Large Cone)
2087,Fosters Freeze Vanilla (Regular Cone)
2088,"Fosters Freeze Vanilla(Regular, in Cup)"
2089,French Fries(Large)
2090,French Fries(Small)
2091,Fresh Vegetables (no margarine)
2092,Fresh Vegetables (Small w/o margarine)
2093,Fresh Vegetables(Large)
2094,Fresh Vegetables(Small)
2095,Grilled Chicken Salad (no tortilla strips & no dressing)
2096,Grilled Chicken Salad (no tortilla strips & no dressing)
2097,Hand-Made Crunchy Chicken Taco
2098,Hand-Made Guacamole
2099,Hand-Made Guacamole & Chips
2100,Hand-Made Guacamole(Large)
2101,House Salsa (Mild)
2102,Jalapeno Hot Sauce Packet
2103,Loco Side Salad
2104,"Loco Side Salad (no dressing, no tortilla strips) – large"
2105,"Loco Side Salad (no dressing, no tortilla strips) – small"
2106,Loco Side Salad(Large)
2107,Loco Side Salad(Small)
2108,Macaroni & Cheese(Large)
2109,Macaroni & Cheese(Small)
2110,Mashed Potatoes w/Gravy(Large)
2111,Mashed Potatoes w/Gravy(Small)
2112,Mini Pollo Bowl® Kids’ Combo
2113,Mixed Tortillas (12 pack)
2114,Mixed Tortillas (8 pack)
2115,Pico de Gallo Salsa (Medium)
2116,Pinto Beans (Small)
2117,Pinto Beans(Large)
2118,Pinto Beans(Small)
2119,Salsa Roja (Hot)
2120,Skinless Breast Meal
2121,Skinless Breast Meal
2122,Skinless Chicken Breast
2123,Skinless Chicken Breast
2124,Sour Cream
2125,Spanish Rice (Small)
2126,Spanish Rice(Large)
2127,Spanish Rice(Small)
2128,Sweet Corn Cake(Large)
2129,Sweet Corn Cake(Small)
2130,Sweet Potato Fries(Large)
2131,Sweet Potato Fries(Small)
2132,Taquito
2133,The Original POLLO BOWL®
2134,The Original POLLO BOWL®*
2135,The Poblano
2136,The Spicy Chipotle
2137,Two Churros
2138,Two Churros
2139,Ultimate POLLO BOWL®
2140,Aloha Chicken
2141,Asian Chicken Salad
2142,"Babyback Ribs, Full Rack"
2143,"Babyback Ribs, Half Rack"
2144,Baked Potato
2145,Baked Sweet Potato
2146,BBQ Slider Tray (per slider)
2147,Big City Reuben
2148,Big Easy Shrimp and Fish Fry
2149,Black Jack Bacon Burger
2150,Bleu Cheese and Peppercorn Steak Topper
2151,Buttermilk Fried Chicken
2152,"Cajun Firecracker Sticks, Plating"
2153,Calabash BLT
2154,Calabash Chicken Salad
2155,Calabash Chicken Wrap
2156,Calabash Popcorn Shrimp
2157,Calabash Wrap
2158,"Calabash, Wings, and Cheese Fries"
2159,Carolina Peach Cobbler
2160,Certified Angus Beef Ribeye (12 ounces)
2161,Certified Angus Beef Sirloin (10 ounces)
2162,Certified Angus Beef Sirloin (6 ounces)
2163,Certified Angus Beef Tenderloin Tips
2164,Cheese Fries
2165,Cheese Fries
2166,Chicken Pot Pie
2167,Chicken Pot Pie w/o salad
2168,"Chicken Wings, 12"
2169,"Chicken Wings, 8"
2170,Chips and Salsa Tray (per serving)
2171,Cinnamon Apples
2172,Cinnamon Honey Butter (1 ounce)
2173,Cinnamon Honey Butter (1 ounce)
2174,Classic Calabash and Gold Ribs
2175,Classic Calabash Chicken Dinner
2176,Classic Cheeseburger
2177,"Classic FATZ Famous Fish, Blackened"
2178,"Classic FATZ Famous Fish, Fried"
2179,"Classic FATZ Famous Fish, Key West Style"
2180,Classic FATZ Fish and Chips
2181,Classic Lite GrilledShrimp Skewer
2182,Classic Smothered Chopped Steak
2183,Club Sandwich Tray with Hoagie Rolls (per 1/2 sandwich)
2184,Club Sandwich Tray with Texas Toast (per 1/2 sandwich)
2185,Club Sandwich Tray with Tomato Basil Wraps(per 1/2 sandwich)
2186,Club Sandwich Tray with Wheat Bread (per 1/2 sandwich)
2187,Country Fried Steak
2188,Double Fudge Brownie
2189,Edisto Shrimp and Grits
2190,Farmhouse Burger
2191,Farmhouse Cheese Burger
2192,FATZ Club Sandwich
2193,FATZ Cobb Salad
2194,"FATZ Famous Fish Platter, Blackened (1 Fillet)"
2195,"FATZ Famous Fish Platter, Blackened (2 Fillets)"
2196,"FATZ Famous Fish Platter, Fried (1 Fillet)"
2197,"FATZ Famous Fish Platter, Fried (2 Fillets)"
2198,"FATZ Famous Fish Platter, Key West Style (1 Fillet)"
2199,"FATZ Famous Fish Platter, Key West Style (2 Fillets)"
2200,"FATZ Famous Fish Sandwich, Blackened"
2201,"FATZ Famous Fish Sandwich, Fried"
2202,"FATZ Famous Fish Sandwich, Key West Style"
2203,FATZ Onyum Burger
2204,Fiesta Nachos
2205,Fiesta Nachos with Fire Grilled Chipotle Chicken
2206,Fiesta Nachos with Tangy Ground Beef
2207,French Fries
2208,Fresh Grilled Asparagus with Lemon Butter Sauce
2209,Fried Chocolate Cream Cookies (3 cookies)
2210,Fried Green Tomato Slider Tray (per serving)
2211,Fried Green Tomatoes
2212,Fried Shrimp ( 3 pieces)
2213,Garden Blend Rice
2214,Garlic Calamari
2215,Grilled Chicken Club
2216,"Grilled Salmon with Corn, Tomato and Avocado Relish"
2217,Grilled Shrimp and Veggie Harpoons
2218,Grilled Shrimp Skewer
2219,Hickory Burger
2220,House Salad
2221,"Ice Cream, Vanilla (4 fluid ounces)"
2222,Kids Banana Freeze
2223,Kids Calabash Chicken
2224,Kids Cheese Quesadilla
2225,Kids Cheeseburger
2226,Kids Chicken and Cheese Quesadilla
2227,Kids Fish and Chips
2228,Kids Grilled Cheese Sandwich
2229,Kids Grilled Chicken Sandwich
2230,Kids Grilled Salmon with Broccoli
2231,Kids Hamburger
2232,Kids Pasta with Alfredo Sauce
2233,Kids Pasta with Cheese Sauce
2234,Kids Peach Freeze
2235,Kids Popcorn Shrimp
2236,Kids Salad
2237,"Kids Specialty Soda, Cherry Diet Pepsi"
2238,"Kids Specialty Soda, Cherry Pepsi"
2239,"Kids Specialty Soda, Cherry Sprite"
2240,"Kids Specialty Soda, Orange Diet Pepsi"
2241,"Kids Specialty Soda, Orange Pepsi"
2242,"Kids Specialty Soda, Orange Sprite"
2243,Kids Strawberry Freeze
2244,Kids Sugar Free Chocolate Mousse Shooter
2245,Kids Sundae
2246,Killer Shrimp
2247,Killer Shrimp and Ribs
2248,Large Brownie and Cheesecake Combo Tray (per serving)
2249,Large Brownie Tray (per serving)
2250,Large Calabash and Wings Combo Tray (per serving)
2251,Large Fiesta Nachos
2252,Large Fiesta Nachos with Beef
2253,Large Fiesta Nachos with Chicken
2254,Large Salad Tray (per serving)
2255,Large Veggie Tray (per serving)
2256,Large Wing Party Tray (per serving)
2257,Large World Famous Calabash Chicken Tray (per serving)
2258,Lite Aloha Chicken
2259,Lite Chocolate Mousse
2260,"Lite FATZ Famous Fish Sandwich, Blackened"
2261,"Lite FATZ Famous Fish Sandwich, Key West Style"
2262,Lite Grilled Chicken Salad
2263,Lite Grilled Chopped Steak with Steamed Broccoli
2264,"Lite Grilled Salmon with Corn, Tomato & Avocado Relish"
2265,Lite Grilled Shrimp and Veggie Harpoons
2266,Lite Grilled Top Sirloin with Broccoli
2267,Lite Key West Basa
2268,Lite Shrimp Skewer
2269,Lite Side Veggie Skewers (2 skewers)
2270,Loaded Baked Potato
2271,Loaded Potato Soup Bowl
2272,Loaded Potato Soup Cup
2273,Lunch 1/2 Calabash Wrap
2274,Lunch Calabash Chicken
2275,Lunch Calabash Combo
2276,Lunch Fish and Chips
2277,Lunch Grilled Cheese Sandwich
2278,Lunch Grilled Shrimp and Veggie Harpoons
2279,Lunch Half Calabash BLT
2280,Lunch Half Club
2281,Lunch Lite Grilled Chicken Salad
2282,Lunch1/2 Popcorn Shrimp Wrap
2283,Old Fashioned Cheeseburger
2284,Parmesan Encrusted Basa
2285,Parmesan Encrusted Chicken Pasta
2286,Peanut Butter Pie
2287,"Pint of Cinnamon Apples, Plating (8 ounces)"
2288,Pint of Garden Blend Rice (8 ounces)
2289,Pint of Pasta Salad (16 ounces)
2290,Pint of Pasta Salad (8 ounces)
2291,Pint of Sweet Vidalia Coleslaw (8 ounces)
2292,Popcorn Shrimp Salad
2293,Popcorn Shrimp Wrap
2294,Popcorn Shrimp Wrap
2295,Poppy Seed Rolls (1 roll)
2296,Poppyseed Bread Pudding
2297,Poppyseed Rolls (1 roll)
2298,Pot Roast
2299,"Premium Grilled Pork Chops, BBQ"
2300,"Premium Grilled Pork Chops, Blackened"
2301,"Premium Grilled Pork Chops, Grilled"
2302,"Quart of Cinnamon Apples, Plating (16 ounces)"
2303,Quart of Garden Blend Rice (16 ounces)
2304,Quart of Sweet Vidalia Onion Coleslaw (16 ounces)
2305,Red Skinned Mashed Potatoes
2306,Rib Tray (per serving)
2307,"Ribs, Shrimp and Chicken Trio"
2308,Salad for Classic Soup and Salad
2309,Sauteed Spinach
2310,Seabreeze Spinach Salad
2311,Seabreeze Spinach Salad with Grilled Aloha Chicken
2312,Seasoned Potato Wedge Tray (per wedge)
2313,Shrimp Po Boy
2314,Side Caesar Salad
2315,Side House Salad
2316,Side Veggie Salad
2317,Small Brownie and Cheesecake Combo Tray
2318,Small Brownie Tray
2319,Small Calabash and Wings Combo Tray
2320,Small Salad Tray
2321,Small Veggie Tray
2322,Small Wing Party Tray
2323,Small World Famous Calabash Chicken Tray
2324,Smoked Ham
2325,Smoked Turkey
2326,Smothered Chopped Steak
2327,Smothered Steak Topper
2328,Southern Gold Ribs and Calabash Chicken
2329,Southwestern Jalapeño Burger
2330,Steak and Ribs
2331,Steamed Broccoli
2332,Stone Ground Cheese Grits
2333,Strawberries and Cheesecake
2334,Sugar Free Chocolate Mousse
2335,Sweet Potato Fries
2336,TCs Hard Cider Sampler
2337,The Original FATZ Sampler
2338,The Ultimate Chopped Chef Salad
2339,Traditional Caesar Salad
2340,Bacon
2341,Baked Spaghetti
2342,Baked Spaghetti with Meatballs
2343,"Breadstick, Dry (1 each)"
2344,Broccoli
2345,Broccoli and Fire Roasted Tomatoes
2346,Cheese Pizza
2347,Cheese Stuffed Pizza Sticks
2348,Cheesy Baked Ziti
2349,Cheesy Meatball Baked Spaghetti
2350,Cherry Almond Chicken
2351,Chicken Broccoli Florentine
2352,Chicken Broccoli Penne
2353,Chicken Carbonara
2354,Chicken Mushroom Alfredo Bake
2355,Chicken Parmigano
2356,Chicken Penne & Peppers
2357,Chicken Pesto
2358,Chicken Pesto
2359,Chocolate Chunk Cookie
2360,Chocolate Layer Cake
2361,Citrus Apple & Roasted Chicken
2362,Classic Sampler Platter
2363,Club Italiano
2364,Club Italiano
2365,Country Caesar
2366,Croutons (Pack)
2367,Fazoli’s Italian House
2368,Fazoli’s® Original
2369,Fazoli’s® Original
2370,Fettuccine Alfredo
2371,Fettuccine Alfredo
2372,Fettuccine with Alfredo
2373,Four Cheese Lasagna
2374,Garlic Breadstick (1 each)
2375,Garlic Chicken Baked Spaghetti
2376,Italian BLT
2377,Italian BLT
2378,Italian Lemon Ice – Medium
2379,Italian Lemon Ice – Small
2380,Italian Lemon Ice with Peach
2381,Italian Lemon Ice with Strawberry
2382,Italian Lemon Ice with Wildberry
2383,Italian Sampler
2384,Meat Lasagna
2385,Meatballs
2386,"Mushroom, Pepper & Onion Blend"
2387,NY Style Cheesecake with Strawberry Topping
2388,Pasta Ranch Italia
2389,Penne Romano
2390,Penne with Creamy Basil Chicken
2391,Pepperoni Classico
2392,Pepperoni Classico
2393,Pepperoni Pizza
2394,Pepperoni Stuffed Pizza Sticks
2395,Ravioli with Alfredo
2396,Ravioli with Marinara
2397,Ravioli with Meat Sauce
2398,Ravioli with Meat Sauce
2399,Red Wine Vinaigrette
2400,Roasted Chicken
2401,Roasted Chicken Platter
2402,Sausage & Peppers Baked Spaghetti
2403,Side Chopped Salad
2404,Sliced Italian Sausage
2405,Smoked Turkey Basil
2406,Smoked Turkey Breast
2407,Spaghetti or Penne Marinara
2408,Spaghetti with Alfredo
2409,Spaghetti with Marinara
2410,Spaghetti with Marinara Sauce
2411,Spaghetti with Meat Sauce
2412,Spaghetti with Meat Sauce
2413,Spaghetti with Meatballs
2414,"Spaghetti, Fettuccine, Penne or Bowtie with Alfredo"
2415,"Spaghetti, Fettuccine, Penne or Bowtie with Marinara"
2416,"Spaghetti, Fettuccine, Penne or Bowtie with Meat Sauce"
2417,Three Cheese Baked Ravioli
2418,Toasted Ravioli (Six)
2419,Toasted Ravioli (Twelve)
2420,Triple Cheese
2421,Triple Cheese
2422,Turtle Cheesecake
2423,Tuscan Chicken
2424,Twice-Baked Lasagna
2425,Ultimate Meatball Smasher
2426,Ultimate Sampler
2427,Vegetable Fresco
2428,Vegetable Fresco
2429,Whole Wheat Penne with Alfredo
2430,Whole Wheat Penne with Marinara
2431,Whole Wheat Penne with Meat Sauce
2432,Bacon Burger
2433,Bacon Cheese Dog
2434,Bacon Cheeseburger
2435,Bacon Dog
2436,Cheese Dog
2437,Cheeseburger
2438,Grilled Cheese
2439,Hamburger
2440,Hot Dog
2441,Large Fries
2442,Little Bacon Burger
2443,Little Bacon Cheeseburger
2444,Little Cheeseburger
2445,Little Hamburger
2446,One Serving of Fries approx half of regular order
2447,Regular Fries
2448,Veggie Sandwich
2449,Apple Pie Turnover
2450,Batter Coat French Fries
2451,Buffalo Tender Sandwich
2452,Chocolate Chip Cookie
2453,Chunky Chicken Salad
2454,Chunky Chicken Salad Sandwich
2455,Classic Potato Salad
2456,Coleslaw
2457,Corn Nuggets
2458,Corn on the Cob
2459,Dirty Rice
2460,Fresh Baked Yeast Roll
2461,Fresh Brewed Iced Tea Sweetened
2462,Fresh Brewed Iced Tea Unsweetened
2463,Fried Breaded Catfish
2464,Fried Chicken Breast
2465,Fried Chicken Leg
2466,Fried Chicken Tenders
2467,Fried Chicken Thigh
2468,Fried Chicken Wing
2469,Fried Okra
2470,Golden Roast Chicken Breast
2471,Golden Roast Chicken Leg
2472,Golden Roast Chicken Thigh
2473,Golden Roast Chicken Wing
2474,Golden Tender Sandwich
2475,Green Beans
2476,Mac & Cheese
2477,Mashed Potatoes
2478,Minute Maid Raspberry Lemonade
2479,Mozzarella Sticks
2480,Oatmeal Raisin Cookie
2481,Southwest Style Pinto Beans
2482,Tropical Fruit Salad
2483,White Chocolate Macadamia Nut Cookie
2484,White Cream Peppered Gravy
2485,1/3 LB** Bacon Cheese Thickburger®
2486,1/3 LB** Cheeseburger Thickburger®
2487,1/3 LB** Frisco Thickburger®
2488,1/3 LB** Low Carb Thickburger®
2489,1/3 LB** Mushroom & Swiss Thickburger®
2490,1/3 LB** Original Thickburger®
2491,2/3 LB** Double Thickburger®
2492,2/3 LB** Monster Thickburger®
2493,3 Piece Hand Breaded Chicken Tenders™
2494,5 Piece Hand Breaded Chicken Tenders™
2495,Apple Turnover (without Cinnamon Sugar Topping)
2496,"Bacon, Egg & Cheese Biscuit"
2497,Beer Battered Onion Rings
2498,Big Country® Breakfast Platter – Bacon*
2499,Big Hot Ham ‘N’ Cheese™
2500,Big Roast Beef™
2501,Biscuit ‘N’ Gravy™
2502,Charbroiled BBQ Chicken Sandwich
2503,Charbroiled Chicken Club™ Sandwich
2504,Chicken Fillet Biscuit
2505,Chocolate Chip Cookie
2506,Chocolate Chip Cookie – Fresh Baked
2507,Cinnamon ‘N’ Raisin™ Biscuit
2508,Cole Slaw (small = 1 serving)
2509,Country Fried Steak Biscuit
2510,Country Ham Biscuit
2511,Crispy Curls™ – Large
2512,Crispy Curls™ – Medium
2513,Crispy Curls™ – Small
2514,Double Cheeseburger
2515,Fish Supreme Sandwich
2516,Fried Chicken Breast
2517,Fried Chicken Leg
2518,Fried Chicken Thigh
2519,Fried Chicken Wing
2520,Frisco Breakfast Sandwich®
2521,Grits
2522,"Ham, Egg & Cheese Biscuit"
2523,Hand Breaded Chicken Fillet™ Sandwich
2524,Hand-Scooped Ice Cream Malt™†
2525,Hand-Scooped Ice Cream Shake™†
2526,Hash Rounds® – Large
2527,Hash Rounds® – Medium
2528,Hash Rounds® – Small
2529,Hot Ham ‘N’ Cheese™
2530,Jelly Biscuit
2531,Jumbo Chili Dog
2532,Kids Meal – Cheeseburger
2533,Kids Meal – Chicken Tenders
2534,Kids Meal – Hamburger
2535,Little Thick Cheeseburger
2536,Little Thickburger®
2537,Loaded Breakfast Burrito
2538,Loaded Omelet Biscuit
2539,Low Carb Breakfast Bowl®
2540,Low Carb Charbroiled Chicken Club™ Sandwich
2541,Made from Scratch Biscuit™
2542,Mashed Potatoes (small = 1 serving)
2543,Monster Biscuit®
2544,Natural-Cut French Fries – Kids
2545,Natural-Cut French Fries – Large
2546,Natural-Cut French Fries – Medium
2547,Natural-Cut French Fries – Small
2548,Original Turkey Burger
2549,Pancakes* (3)
2550,Peach Cobbler (small)
2551,Regular Roast Beef Sandwich
2552,Sausage & Egg Biscuit
2553,Sausage Biscuit
2554,Side Salad (no dressing)
2555,Single Scoop Ice Cream Bowl†
2556,Single Scoop Ice Cream Cone†
2557,Small Cheeseburger
2558,Small Hamburger
2559,Smoked Sausage Biscuit
2560,Spicy Chicken Sandwich
2561,Sunrise Croissant® with Ham
2562,The Six Dollar Thickburger®
2563,(3) Chocolate Chip Pancakes
2564,(3) CINN-A-STACK® Pancakes
2565,(3) Cinnamon Apple Pancakes
2566,(3) Double Blueberry Pancakes
2567,(3) Harvest Grain ‘N Nut® Pancakes
2568,(3) New York Cheesecake Pancakes
2569,(3) Original Buttermilk Pancakes
2570,(3) Strawberry Banana Pancakes
2571,(3) Strawberry Pancakes
2572,1/2 Double BLT Sandwich
2573,1/2 Pot Roast Melt Sandwich
2574,1/2 Turkey Sandwich
2575,Add (1) Country Style Ham Slice
2576,Add (1) Portuguese Sausage Link
2577,Add (2) Canadian Style Bacon Slices
2578,Add (2) Pork Chops
2579,Add (2) Pork Sausage Patties
2580,Add (2) Smoked Sausage Links
2581,Add (2) Taylor Ham® Slices
2582,Add (3) Buttermilk Pancakes
2583,Add (4) Bacon Strips
2584,Add (4) Pork Sausage Links
2585,Add (4) Turkey Sausage Links
2586,Add Biscuits with Country Gravy and (4) Pork Sausage Links
2587,Add Biscuits with Sausage Gravy & (4) Pork Sausage Links
2588,Add Blueberry Compote w/Whipped Topping
2589,Add Cinnamon Apple Compote w/Whipped Topping
2590,Add Corn Tortillas
2591,Add Corned Beef Hash
2592,Add Country/Chicken Fried Steak & Country Gravy
2593,Add Country/Chicken Fried Steak & Sausage Gravy
2594,Add Flour Tortillas
2595,Add Grilled Ham
2596,Add Ham Steak
2597,Add Hot Fudge
2598,Add Hot Fudge
2599,"Add Ice Cream, Chocolate, (1) scoop"
2600,"Add Ice Cream, Chocolate, (1) scoop"
2601,"Add Ice Cream, Strawberry, (1) scoop"
2602,"Add Ice Cream, Strawberry, (1) scoop"
2603,"Add Ice Cream, Vanilla, (1) scoop"
2604,"Add Ice Cream, Vanilla, (1) scoop"
2605,Add Side of Scrapple
2606,Add Side of Spam®
2607,Add Strawberry Topping
2608,Add Strawberry Topping
2609,Add Strawberry Topping w/Whipped Topping
2610,Add Top Sirloin Steak
2611,Add Top Sirloin Steak
2612,Appetizer Sampler
2613,"Apple Juice, 10 fl oz"
2614,"Apple Juice, 12 fl oz (Kid’s Cup)"
2615,"Apple Juice, 16 fl oz"
2616,"Apple Juice, Carafe"
2617,"Avocado, Bacon & Cheese Omelette"
2618,Baby Cakes
2619,Bacon & Cheddar Hash Brown Stack with Fresh Fruit
2620,Bacon & Cheddar Hash Brown Stack with Pancakes
2621,Bacon & Cheddar Stuffed Crepes
2622,Bacon Cheddar Chicken Sandwich
2623,Bacon Temptation Omelette
2624,Bacon Wrapped Sirloin Steak & Eggs
2625,Bacon’N Beef™ Bacon & Egg Cheeseburger w/Bacon Patty
2626,Bacon’N Beef™ Bacon & Egg Cheeseburger w/Beef Patty
2627,Bacon’N Beef™ Bacon Cheeseburger w/Bacon Patty
2628,Bacon’N Beef™ Bacon Cheeseburger w/Beef Patty
2629,Bacon’N Beef™ Cheeseburger w/Bacon Patty
2630,Bacon’N Beef™ Cheeseburger w/Beef Patty
2631,Bacon’N Beef™ Mega Mushroom Burger w/Bacon Patty
2632,Bacon’N Beef™ Mega Mushroom Burger w/Beef Patty
2633,Baked Potato
2634,Belgian Waffle Combo
2635,Belgian Waffle w/Butter
2636,"Belgian Waffle, Plain"
2637,Big Country Breakfast
2638,Big Country Breakfast
2639,Big Steak Omelette
2640,Big Two-Egg Breakfast
2641,Biscuits & Gravy Combo w/Country Gravy
2642,Biscuits & Gravy Combo w/Sausage Gravy
2643,Breakfast Sampler
2644,Broccoli Cheese Soup
2645,Broccoli Cheese Soup
2646,Broccoli Cheese Soup
2647,Broccoli Cheese Soup
2648,Cheese Blintzes
2649,Cheese Omelette
2650,Cheeseburger
2651,Cheesy Western Omelette with Fresh Fruit
2652,Cheesy Western Omelette with Pancakes
2653,Chicken & Spinach Salad
2654,Chicken & Waffles
2655,Chicken Clubhouse Super Stacker
2656,Chicken Fajita Omelette
2657,Chicken Fajita Quesadilla
2658,Chicken Fajita Salad
2659,Chicken Fajita Salad w/Avocado
2660,Chicken Florentine Crepes
2661,Chicken Fried Chicken & Eggs w/Country Gravy
2662,Chicken Fried Chicken & Eggs w/Sausage Gravy
2663,Chicken Fried Chicken w/Country Gravy
2664,Chicken Fried Chicken w/Sausage Gravy
2665,Chicken Noodle Soup
2666,Chicken Noodle Soup
2667,Chicken Noodle Soup
2668,Chicken Noodle Soup
2669,Chicken Tortilla Soup
2670,Chicken Tortilla Soup
2671,Chicken Tortilla Soup
2672,Chicken Tortilla Soup
2673,Chocolate Chip Pancakes (4)
2674,Chorizo & Eggs
2675,CINN-A-STACK® French Toast
2676,CINN-A-STACK® Pancakes (4)
2677,Cinnamon Swirl French Toast Combo
2678,Classic Skillets
2679,"Coffee, Cup"
2680,"Coffee, Full Carafe"
2681,Colorado Omelette
2682,Corned Beef Hash & Cheese Omelette
2683,Corned Beef Hash & Eggs
2684,Country Omelette
2685,Country/Chicken Fried Steak & Eggs w/Country Gravy
2686,Country/Chicken Fried Steak & Eggs w/Sausage Gravy
2687,Country/Chicken Fried Steak Dinner w/Country Gravy
2688,Country/Chicken Fried Steak Dinner w/Sausage Gravy
2689,"Cranberry Juice, 10 fl oz"
2690,"Cranberry Juice, 12 fl oz (Kid’s Cup)"
2691,"Cranberry Juice, 16 fl oz"
2692,"Cranberry Juice, Carafe"
2693,"Create Your Own Omelette, Plain"
2694,"Create Your Own Omelette, Plain w/Egg Substitute"
2695,"Create Your Own Viva La French Toast Combo, Blueberry"
2696,"Create Your Own Viva La French Toast Combo, CINN-A-STACK®"
2697,"Create Your Own Viva La French Toast Combo, Cinnamon Apple"
2698,"Create Your Own Viva La French Toast Combo, Original"
2699,"Create Your Own Viva La French Toast Combo, Strawberry"
2700,"Create Your Own Viva La French Toast Combo, Strawberry Banana"
2701,"Create Your Own Viva La French Toast Combo, Whole Wheat"
2702,Create-A-Face Pancake
2703,Crispy Chicken Salad w/Fried Chicken
2704,Crispy Chicken Salad w/Grilled Chicken
2705,Crispy Chicken Strips
2706,Crispy Chicken Strips
2707,Crispy Chicken Strips & Fries
2708,Crispy Strawberry Banana Cheesecake
2709,Dill Pickle Spear
2710,Double BLT
2711,Double Blueberry Pancakes (4)
2712,Eggs Benedict
2713,"Flavored Coffee, French Vanilla"
2714,"Flavored Coffee, Swiss Mocha"
2715,French Onion Pot Roast
2716,French Toast
2717,French Toast
2718,Fruit Crepe w/Blueberry Compote
2719,Fruit Crepe w/Cinnamon Apple Compote
2720,Fruit Crepe w/Strawberry Topping
2721,Funny Face® (Buttermilk)
2722,Funny Face® (Chocolate)
2723,Garden Omelette
2724,Garden Stuffed Crepes
2725,Garlic Bread
2726,German Crepes
2727,"Grapefruit Juice, 10 fl oz"
2728,"Grapefruit Juice, 12 fl oz (Kid’s Cup)"
2729,"Grapefruit Juice, 16 fl oz"
2730,"Grapefruit Juice, Carafe"
2731,Grilled Cheese Sandwich
2732,Grilled Chicken Caesar Salad
2733,"Grilled Chicken Caesar Salad, No Chicken"
2734,Grilled Liver
2735,Grilled Tilapia Hollandaise
2736,Ham & Egg Melt
2737,Harvest Grain ‘N Nut® Pancakes (4)
2738,Hash Brown Crusted Chicken with Country Gravy
2739,Hash Brown Crusted Chicken with Sausage Gravy
2740,Hearty Ham & Cheese Omelette
2741,Herbal Tea
2742,Hot Chocolate
2743,Hot Tea
2744,House Salad
2745,House Salad
2746,House Salad
2747,House Salad
2748,Huevos Rancheros
2749,"Ice Cream Sundae (Ice Cream, Whipped Topping & Cherry)"
2750,"Ice Cream, Chocolate, (1) scoop"
2751,"Ice Cream, Strawberry, (1) scoop"
2752,"Ice Cream, Vanilla, (1) scoop"
2753,"Iced Coffee, Mocha"
2754,"Iced Coffee, Original"
2755,"Iced Coffee, Vanilla"
2756,"Iced Tea, 10 fl oz"
2757,"Iced Tea, 12 fl oz (Kid’s Cup)"
2758,"Iced Tea, 16 fl oz"
2759,"International Crepe Passport, Fresh Fruit"
2760,"International Crepe Passport, German"
2761,"International Crepe Passport, Nutella®"
2762,"International Crepe Passport, Strawberry Banana Danish"
2763,Cheeseburger – Protein® Style (Bun replaced with Lettuce)
2764,Cheeseburger w/Mustard & Ketchup Instead of Spread
2765,Cheeseburger w/Onion
2766,Chocolate Shake
2767,Double-Double® – Protein® Style (Bun replaced with Lettuce)
2768,Double-Double® w/Mustard & Ketchup Instead of Spread
2769,Double-Double® w/Onion
2770,French Fries
2771,Hamburger – Protein® Style (Bun replaced with Lettuce)
2772,Hamburger w/Mustard & Ketchup Instead of Spread
2773,Hamburger w/Onion
2774,Strawberry Shake
2775,Vanilla Shake
2776,Bacon Breakfast Jack®
2777,Bacon Cheddar Potato Wedges
2778,Bacon Ranch Dressing
2779,Bacon Ultimate Cheeseburger™
2780,"Bacon, Egg & Cheese Biscuit"
2781,Beef Taco (1 Taco)
2782,Beef Taco (2 Tacos)
2783,Big Cheeseburger
2784,Big Cheeseburger
2785,Breakfast Jack®
2786,Breakfast Jack®
2787,Breakfast Pita Pocket
2788,Chicken Club Salad w/ Crispy Chicken Strips**
2789,Chicken Club Salad w/ Grilled Chicken Strips**
2790,Chicken Fajita Pita made w/ Whole Grain (no salsa)
2791,Chicken Fajita Pita made w/ Whole Grain (no salsa)
2792,Chicken Fajita Pita made w/ Whole Grain (w/ salsa)
2793,Chicken Sandwich
2794,Chicken Sandwich
2795,Chicken Sandwich with Bacon
2796,Chicken Sandwich with Bacon
2797,"Chicken Strips, Crispy 2 pc."
2798,"Chicken Strips, Crispy 4 pc."
2799,"Chicken Strips, Grilled 2 pc."
2800,"Chicken Strips, Grilled 4 pc."
2801,Chicken Teriyaki Bowl
2802,Chicken Teriyaki Bowl
2803,Chiquita® Apple Bites with Caramel
2804,Chiquita® Apple Bites with Caramel
2805,Chiquita® Apple Bites with Caramel
2806,Chocolate Lowfat Milk Chug 1%
2807,Chocolate Overload™ Cake
2808,Creamy Southwest Dressing
2809,Egg Roll 1 pc.
2810,Egg Roll 3 pc.
2811,Extreme Sausage® Sandwich
2812,Fish and Chips (Seasonal) w/ large French Fries
2813,Fish and Chips (Seasonal) w/ medium French Fries
2814,Fish and Chips (Seasonal) w/ small French Fries
2815,Fish Sandwich (Seasonal)
2816,"Flavored Iced Tea, Mango 24 fl oz."
2817,"Flavored Iced Tea, Peach 24 fl oz."
2818,"Flavored Iced Tea, Raspberry 24 fl oz."
2819,French Fries (Kid’s)
2820,"French Fries, large"
2821,"French Fries, medium"
2822,"French Fries, small"
2823,French Toast Sticks 2 pc.
2824,French Toast Sticks 4 pc.
2825,Gourmet Seasoned Croutons
2826,Grilled Breakfast Sandwich
2827,Grilled Cheese Sandwich
2828,Grilled Cheese Sandwich
2829,Grilled Chicken Salad**
2830,Grilled Chicken Salad**
2831,Grilled Chicken Strips w/ Teriyaki Dipping Sauce
2832,"Grilled Sandwich, Deli Trio"
2833,"Grilled Sandwich, Turkey, Bacon & Cheddar"
2834,Hamburger
2835,Hamburger
2836,Hamburger Deluxe
2837,Hamburger Deluxe
2838,Hamburger Deluxe
2839,Hamburger Deluxe with Cheese
2840,Hamburger Deluxe with Cheese
2841,Hamburger with Cheese
2842,Hamburger with Cheese
2843,Hashbrown Sticks 5 pc.
2844,Hearty Breakfast Bowl
2845,Homestyle Ranch Chicken Club
2846,"Iced Coffee, Caramel (regular) 24 fl oz."
2847,"Iced Coffee, Original (regular) 24 fl oz."
2848,"Iced Coffee, Vanilla (regular) 24 fl oz."
2849,Jack’s Spicy Chicken®
2850,Jack’s Spicy Chicken® w/ Cheese
2851,Jr. Bacon Cheeseburger
2852,Jr. Bacon Cheeseburger
2853,Jumbo Jack®
2854,Jumbo Jack®
2855,Jumbo Jack® with Cheese
2856,Jumbo Jack® with Cheese
2857,Kona Classic® Coffee (decaf) 12 fl oz.
2858,Kona Classic® Coffee (decaf) 16 fl oz.
2859,Kona Classic® Coffee (regular) 12 fl oz.
2860,Kona Classic® Coffee (regular) 16 fl oz.
2861,Lite Ranch Dressing
2862,Low-Fat Balsamic Vinaigrette
2863,Meaty Breakfast Burrito (no salsa)
2864,Meaty Breakfast Burrito (w/ salsa)
2865,Mini Churros 10 pc.
2866,Mini Churros 5 pc.
2867,Mozzarella Cheese Sticks 3 pc.
2868,Mozzarella Cheese Sticks 6 pc.
2869,New York Style Cheesecake
2870,Onion Rings
2871,Reduced Fat Milk Chug 2%*
2872,Sausage Biscuit
2873,Sausage Breakfast Jack®
2874,Sausage Croissant
2875,"Sausage, Egg & Cheese Biscuit"
2876,Seasoned Curly Fries (Kid’s)
2877,"Seasoned Curly Fries, large"
2878,"Seasoned Curly Fries, medium"
2879,"Seasoned Curly Fries, small"
2880,"Shake, Chocolate w/ Whipped Topping 16 oz."
2881,"Shake, Chocolate w/ Whipped Topping 24 oz."
2882,"Shake, Oreo® Cookie w/ Whipped Topping 16 oz."
2883,"Shake, Oreo® Cookie w/ Whipped Topping 24 oz."
2884,"Shake, Strawberry w/ Whipped Topping 16 oz."
2885,"Shake, Strawberry w/ Whipped Topping 24 oz."
2886,"Shake, Vanilla w/ Whipped Topping 16 oz."
2887,"Shake, Vanilla w/ Whipped Topping 24 oz."
2888,Side Salad
2889,Side Salad**
2890,Side Salad**
2891,Sirloin Cheeseburger
2892,Sirloin Cheeseburger with Bacon
2893,Sirloin Swiss & Grilled Onion Burger
2894,Sirloin Swiss & Grilled Onion Burger with Bacon
2895,"Smoothie, Mango 16 fl oz."
2896,"Smoothie, Mango 16 oz."
2897,"Smoothie, Mango 24 fl oz."
2898,"Smoothie, Strawberry 16 fl oz."
2899,"Smoothie, Strawberry 16 oz."
2900,"Smoothie, Strawberry 24 fl oz."
2901,"Smoothie, Strawberry Banana 16 fl oz."
2902,"Smoothie, Strawberry Banana 16 oz."
2903,"Smoothie, Strawberry Banana 24 fl oz."
2904,Sourdough Breakfast Sandwich
2905,Sourdough Grilled Chicken Club
2906,Sourdough Jack®
2907,Sourdough Steak Melt
2908,Sourdough Ultimate Cheeseburger™
2909,Southwest Chicken Salad w/ Crispy Chicken Strips**
2910,Southwest Chicken Salad w/ Grilled Chicken Strips**
2911,Spicy Corn Sticks
2912,Steak & Egg Burrito (no salsa)
2913,Steak & Egg Burrito (w/ salsa)
2914,Stuffed Jalapeños 3 pc.
2915,Stuffed Jalapeños 7 pc.
2916,Supreme Croissant
2917,Ultimate Breakfast Sandwich
2918,Ultimate Cheeseburger™
2919,#1 Pepe®
2920,#10 Hunter’s Club®
2921,#11 Country Club®
2922,#12 Beach Club®
2923,#13 Gourmet Veggie Club®
2924,#14 Bootlegger Club®
2925,#15 Club Tuna®
2926,#16 Club Lulu®
2927,#17 Ultimate Porker™
2928,#2 Big John®
2929,#3 Totally Tuna®
2930,#4 Turkey Tom®
2931,#4 Turkey Tom®
2932,#5 Vito®
2933,#6 Vegetarian
2934,#7 Gourmet Smoked Ham Club
2935,#8 Billy Club®
2936,#9 Italian Night Club®
2937,BBQ Jimmy Chips
2938,Chocolate Chunk Cookie
2939,Hunter’s Club® Unwich
2940,Iced Tea
2941,Iced Tea
2942,J.J.B.L.T.®
2943,Jalapeño Chips
2944,Lemonade
2945,Lemonade
2946,Light Lemonade
2947,Light Lemonade
2948,"Pickle, Spear"
2949,"Pickle, Whole"
2950,Raisin Oatmeal Cookie
2951,Raspberry Iced Tea
2952,Raspberry Iced Tea
2953,Regular Chips
2954,Sea Salt & Vinegar Chips
2955,Slim 1 Ham & cheese
2956,Slim 2 Roast Beef
2957,Slim 3 Tuna salad
2958,Slim 4 Turkey breast
2959,Slim 4 Turkey breast
2960,"Slim 5 Salami, capicola, cheese"
2961,Slim 6 Double provolone
2962,The J.J. Gargantuan®
2963,The J.J. Gargantuan® Unwich
2964,Thinny Chips
2965,Add Coconut Shrimp
2966,Add Fried Shrimp
2967,Add Snow Crab
2968,Apple Sauce
2969,Aruba Chicken Salad
2970,Aruba Shrimp Salad
2971,Bean Town Bake
2972,Big Cheese Cheesecake
2973,Big Shrimp Platter
2974,Blackened Mahi Sandwich
2975,Blackened Tilapia
2976,Broccoli Florets
2977,Bucket of Shrimp
2978,Bucket of Shrimp
2979,Caesar Salad
2980,Caesar Salad – Chicken
2981,Caesar Salad – Shrimp
2982,Caesar Side Salad
2983,"Calamari, Fried"
2984,Captain’s Catch
2985,Caribbean Feast
2986,Celery & Ranch
2987,Cheesy Mac
2988,Cheesy New Potatoes
2989,Chicken Chipotle Caesar
2990,Chicken Club Sandwich – Blackened
2991,Chicken Club Sandwich – Grilled
2992,Chicken Dippers
2993,Chipotle Bacon Cheeseburger
2994,Chocolate Shack Attack
2995,Chocolate Sundae
2996,Clam Chowder
2997,Classic Cobb Salad – Chicken
2998,Classic Cobb Salad – Shrimp
2999,Classic Cobb Salad – Snow
3000,Classic Sampler
3001,Coconut Shrimp
3002,Coleslaw
3003,Corn on the Cob
3004,Crab Cake Chipotle Caesar
3005,Crab Cake Dinner
3006,Crab Cake Sandwich
3007,Crab Daddy Feast – excluding side of butter
3008,Crab Nachos
3009,Crab Stuffed Mushrooms
3010,Crab Stuffed Shrimp
3011,Crabby Apple Crumble
3012,Crawfish Half ‘n Half
3013,Crazy Good Crab Dip
3014,Crispy Shrimp
3015,Crunchy Catfish
3016,Diablo Mussels
3017,Dipping Butter
3018,Dirty Rice
3019,Double Dip
3020,Dungeness Crab – excluding side of butter
3021,Ear of Corn
3022,East Coast Platter
3023,Fire-Grilled
3024,Fish & Chips
3025,Fish & Shrimp
3026,Fish Fingers
3027,Fisherman’s Platter
3028,French Fries
3029,French Fries
3030,Fried Oysters
3031,Garlic Herb
3032,Garlicky Mussels
3033,Get Stuffed Snapper
3034,Great Balls of Fire
3035,Grilled Malibu Shrimp
3036,Grilled Sunset Salmon
3037,Homestyle Chicken Tenders
3038,House Side Salad
3039,Hush Puppies
3040,Joe’s Classic Steampot
3041,Joe’s Classic Steampot For 2 (Nutritionals for 1 serving)
3042,Joe’s Famous BBQ
3043,Joe’s Steak Deal
3044,Key Lime Wave
3045,Kid’s Snow Crab
3046,King Crab – excluding side of butter
3047,Lobster Daddy Feast – excluding side of butter
3048,Maui Mahi
3049,Mini Beach Burgers
3050,Mini Steampot
3051,Mozzarella Sticks
3052,New England Clam Chowder
3053,Old Bay Steampot
3054,Onion Strings
3055,Paint a Crab
3056,Pan Fried Cheesy Chicken
3057,Pasta-laya
3058,Pizza
3059,Popcorn Shrimp
3060,Ragin’ Cajun
3061,Ribeye
3062,Rice
3063,Rockin Popcorn Shrimp
3064,Salmon Orleans
3065,Samuel Adams Steampot
3066,Sea Turtle Sundae
3067,Seafood Fun-Do
3068,Seaside Platter
3069,Shrimp Pasta Alfredo
3070,Shrimp Trio
3071,Shrimply Grilled Shrimp
3072,Skillet Paella
3073,Snapper Pontchartrain
3074,Snow Crab – excluding side of butter
3075,Spicy Boil
3076,Steak & Malibu Shrimp
3077,Strawberry Sundae
3078,Sunset Fire-Grilled Steampot
3079,Sunset Fire-Grilled Steampot For 2 (Nutritionals for 1 serving)
3080,Surf ‘n Turf Burger
3081,The Big Hook Up
3082,The Diablo Steampot
3083,The KJ Steampot
3084,The Orleans
3085,Veggies
3086,Apple Turnover (1)
3087,BBQ Baked Beans
3088,Biscuit
3089,Caesar Side Salad without Dressing & Croutons
3090,Café Valley Bakery® Chocolate Chip Cake (6 slices per cake)
3091,Chicken Pot Pie
3092,Cole Slaw
3093,Corn on the Cob (3″)
3094,Corn on the Cob (5.5″)
3095,Country Fried Steak with Peppered White Gravy
3096,Country Fried Steak without Peppered White Gravy
3097,Crispy Chicken BLT Salad without Dressing
3098,Crispy Chicken Caesar Salad without Dressing & Croutons
3099,Crispy Strips (2)
3100,Crispy Strips (3)
3101,Crispy Twister®
3102,Crispy Twister® without Sauce
3103,Double Down with OR Filet
3104,Doublicious with OR Filet
3105,EC Chicken- Breast
3106,EC Chicken- Drumstick
3107,EC Chicken- Thigh
3108,EC Chicken- Whole Wing
3109,EC Drumstick Value Box
3110,EC Thigh Value Box
3111,Fiery Buffalo Hot Wings® (1)
3112,Fiery Buffalo Hot Wings® Value Box
3113,Green Beans
3114,Grilled Chicken- Breast
3115,Grilled Chicken- Drumstick
3116,Grilled Chicken- Thigh
3117,Grilled Chicken- Whole Wing
3118,Grilled Drumstick Value Box
3119,Grilled Thigh Value Box
3120,HBBQ Hot Wings® (1)
3121,HBBQ Hot Wings® Value Box
3122,Heinz Buttermilk Ranch Dressing (1)
3123,Hidden Valley® The Original Ranch® Fat Free Dressing (1)
3124,Honey BBQ Sandwich
3125,Hot Wings® (1)
3126,Hot Wings® Value Box
3127,House Side Salad without Dressing
3128,Jalapeno Peppers
3129,KFC Famous Bowls®-Mashed Potato with Gravy
3130,KFC Snacker® with Crispy Strip
3131,KFC Snacker® with Crispy Strip without Sauce
3132,"KFC Snacker® with Crispy Strip, Buffalo"
3133,"KFC Snacker® with Crispy Strip, Ultimate Cheese"
3134,"KFC Snacker®, Honey BBQ"
3135,KFC® Cornbread Muffin
3136,KFC® Creamy Parmesan Caesar Dressing (1)
3137,KFC® Gizzards
3138,KFC® Livers
3139,KFC® OR Filet
3140,Lil’ Bucket™ Chocolate Crème Parfait Cup
3141,Lil’ Bucket™ Lemon Crème Parfait Cup
3142,Lil’ Bucket™ Strawberry Shortcake Parfait Cup
3143,Macaroni and Cheese
3144,Macaroni Salad
3145,Marzetti Light Italian Dressing (1)
3146,Mashed Potatoes with Gravy
3147,Mashed Potatoes without Gravy
3148,OR Chicken- Breast
3149,OR Chicken- Drumstick
3150,OR Chicken- Thigh
3151,OR Chicken- Whole Wing
3152,OR Chicken-Breast without skin or breading
3153,OR Drumstick Value Box
3154,OR Thigh Value Box
3155,Oreo® Cookies and Crème Pie Slice
3156,Parmesan Garlic Croutons Pouch (1)
3157,Popcorn Chicken Value Box
3158,Popcorn Chicken-Individual
3159,Popcorn Chicken-Kids
3160,Popcorn Chicken-Large
3161,Potato Salad
3162,Potato Wedges
3163,Reese’s® Peanut Butter Pie Slice
3164,Sargento® Light String Cheese
3165,Snack-Size Bowl
3166,Spicy Crispy- Breast
3167,Spicy Crispy- Drumstick
3168,Spicy Crispy- Thigh
3169,Spicy Crispy- Whole Wing
3170,Sweet Kernel Corn
3171,Sweet Life® Chocolate Chip Cookie
3172,Sweet Life® Oatmeal Raisin Cookie
3173,Angus Bacon & Cheese
3174,Angus Bacon & Cheese Snack Wrap
3175,Angus Chipotle BBQ Bacon
3176,Angus Chipotle BBQ Bacon Snack Wrap
3177,Angus Deluxe
3178,Angus Deluxe Snack Wrap
3179,Angus Mushroom & Swiss
3180,Angus Mushroom & Swiss Snack Wrap
3181,Apple Dippers with Low Fat Caramel Dip
3182,"Bacon, Egg & Cheese Bagel"
3183,"Bacon, Egg & Cheese Biscuit"
3184,"Bacon, Egg & Cheese Biscuit"
3185,"Bacon, Egg & Cheese McGriddles®"
3186,Baked Hot Apple Pie
3187,Big Breakfast with Hotcakes
3188,Big Breakfast with Hotcakes
3189,Big Breakfast®
3190,Big Breakfast®
3191,Big Mac®
3192,Big N’ Tasty®
3193,Big N’ Tasty® with Cheese
3194,Cappuccino
3195,Cappuccino
3196,Cappuccino
3197,Cappuccino with Sugar Free Vanilla Syrup
3198,Cappuccino with Sugar Free Vanilla Syrup
3199,Cappuccino with Sugar Free Vanilla Syrup
3200,Caramel Cappuccino
3201,Caramel Cappuccino
3202,Caramel Cappuccino
3203,Caramel Latte
3204,Caramel Latte
3205,Caramel Latte
3206,Caramel Mocha
3207,Caramel Mocha
3208,Caramel Mocha
3209,Cheeseburger
3210,Chicken McNuggets®
3211,Chicken McNuggets®
3212,Chicken McNuggets®
3213,Chicken Selects® Premium Breast Strips
3214,Chicken Selects® Premium Breast Strips
3215,Chipotle BBQ Snack Wrap® (Crispy)
3216,Chipotle BBQ Snack Wrap® (Grilled)
3217,Chocolate Chip Cookie
3218,Chocolate McCafe® Shake
3219,Chocolate McCafe® Shake
3220,Chocolate McCafe® Shake
3221,Chocolate Triple Thick® Shake
3222,Chocolate Triple Thick® Shake
3223,Chocolate Triple Thick® Shake
3224,Chocolate Triple Thick® Shake
3225,Cinnamon Melts
3226,Coffee
3227,Coffee
3228,Double Cheeseburger
3229,Double Quarter Pounder® with Cheese
3230,Egg McMuffin®
3231,English Muffin
3232,Filet-O-Fish®
3233,Frappe Caramel
3234,Frappe Caramel
3235,Frappe Caramel
3236,Frappe Mocha
3237,Frappe Mocha
3238,Frappe Mocha
3239,Fruit & Maple Oatmeal
3240,Fruit & Maple Oatmeal without Brown Sugar
3241,Fruit ‘n Yogurt Parfait
3242,Hamburger
3243,Hash Brown
3244,Hazelnut Cappuccino
3245,Hazelnut Cappuccino
3246,Hazelnut Cappuccino
3247,Hazelnut Latte
3248,Hazelnut Latte
3249,Hazelnut Latte
3250,Honey Mustard Snack Wrap® (Crispy)
3251,Honey Mustard Snack Wrap® (Grilled)
3252,Hot Caramel Sundae
3253,Hot Chocolate
3254,Hot Chocolate
3255,Hot Chocolate
3256,Hot Chocolate with Nonfat Milk
3257,Hot Chocolate with Nonfat Milk
3258,Hot Chocolate with Nonfat Milk
3259,Hot Fudge Sundae
3260,Hotcakes
3261,Hotcakes and Sausage
3262,Iced Caramel Latte
3263,Iced Caramel Latte
3264,Iced Caramel Latte
3265,Iced Caramel Mocha
3266,Iced Caramel Mocha
3267,Iced Caramel Mocha
3268,Iced Coffee Caramel
3269,Iced Coffee Caramel
3270,Iced Coffee Caramel
3271,Iced Coffee Hazelnut
3272,Iced Coffee Hazelnut
3273,Iced Coffee Hazelnut
3274,Iced Coffee Regular
3275,Iced Coffee Regular
3276,Iced Coffee Regular
3277,Iced Coffee Vanilla
3278,Iced Coffee Vanilla
3279,Iced Coffee Vanilla
3280,Iced Coffee with Sugar Free Vanilla Syrup
3281,Iced Coffee with Sugar Free Vanilla Syrup
3282,Iced Coffee with Sugar Free Vanilla Syrup
3283,Iced Hazelnut Latte
3284,Iced Hazelnut Latte
3285,Iced Hazelnut Latte
3286,Iced Latte
3287,Iced Latte
3288,Iced Latte
3289,Iced Latte with Sugar Free Vanilla Syrup
3290,Iced Latte with Sugar Free Vanilla Syrup
3291,Iced Latte with Sugar Free Vanilla Syrup
3292,Iced Mocha
3293,Iced Mocha with Nonfat Milk
3294,Iced Nonfat Caramel Latte
3295,Iced Nonfat Caramel Latte
3296,Iced Nonfat Caramel Latte
3297,Iced Nonfat Caramel Mocha
3298,Iced Nonfat Caramel Mocha
3299,Iced Nonfat Caramel Mocha
3300,Iced Nonfat Hazelnut Latte
3301,Iced Nonfat Hazelnut Latte
3302,Iced Nonfat Hazelnut Latte
3303,Iced Nonfat Latte
3304,Iced Nonfat Latte
3305,Iced Nonfat Latte
3306,Iced Nonfat Latte with Sugar Free Vanilla Syrup
3307,Iced Nonfat Latte with Sugar Free Vanilla Syrup
3308,Iced Nonfat Latte with Sugar Free Vanilla Syrup
3309,Iced Nonfat Vanilla Latte
3310,Iced Nonfat Vanilla Latte
3311,Iced Nonfat Vanilla Latte
3312,Iced Vanilla Latte
3313,Iced Vanilla Latte
3314,Iced Vanilla Latte
3315,Kiddie Cone
3316,Large French Fries
3317,Latte
3318,Latte
3319,Latte
3320,Latte with Sugar Free Vanilla Syrup
3321,Latte with Sugar Free Vanilla Syrup
3322,Latte with Sugar Free Vanilla Syrup
3323,Low Fat Caramel Dip
3324,Mac Snack Wrap
3325,McChicken ®
3326,McDonaldland® Cookies
3327,McDouble
3328,McFlurry® with M&M’S® Candies
3329,McFlurry® with OREO® Cookies
3330,McRib ®
3331,McSkillet™ Burrito with Sausage
3332,Medium French Fries
3333,Mocha
3334,Mocha
3335,Mocha
3336,Mocha with Nonfat Milk
3337,Mocha with Nonfat Milk
3338,Mocha with Nonfat Milk
3339,Nonfat Cappuccino
3340,Nonfat Cappuccino
3341,Nonfat Cappuccino
3342,Nonfat Cappuccino with Sugar Free Vanilla Syrup
3343,Nonfat Cappuccino with Sugar Free Vanilla Syrup
3344,Nonfat Cappuccino with Sugar Free Vanilla Syrup
3345,Nonfat Caramel Cappuccino
3346,Nonfat Caramel Cappuccino
3347,Nonfat Caramel Cappuccino
3348,Nonfat Caramel Latte
3349,Nonfat Caramel Latte
3350,Nonfat Caramel Latte
3351,Nonfat Caramel Mocha
3352,Nonfat Caramel Mocha
3353,Nonfat Caramel Mocha
3354,Nonfat Hazelnut Cappuccino
3355,Nonfat Hazelnut Cappuccino
3356,Nonfat Hazelnut Cappuccino
3357,Nonfat Hazelnut Latte
3358,Nonfat Hazelnut Latte
3359,Nonfat Hazelnut Latte
3360,Nonfat Latte
3361,Nonfat Latte
3362,Nonfat Latte
3363,Nonfat Latte with Sugar Free Vanilla Syrup
3364,Nonfat Latte with Sugar Free Vanilla Syrup
3365,Nonfat Latte with Sugar Free Vanilla Syrup
3366,Nonfat Vanilla Cappuccino
3367,Nonfat Vanilla Cappuccino
3368,Nonfat Vanilla Cappuccino
3369,Nonfat Vanilla Latte
3370,Nonfat Vanilla Latte
3371,Nonfat Vanilla Latte
3372,Oatmeal Raisin Cookie
3373,12 oz. Grilled Top Sirloin
3374,6 oz. Grilled Top Sirloin
3375,9 oz. Grilled Top Sirloin
3376,Apple Caramel Cobbler
3377,"Apple Caramel Cobbler, Mini"
3378,Applewood-Smoked Bacon
3379,Authentic Spinach & Artichoke Dip
3380,Bacon Topping for Baked Potato
3381,Baked Potato (plain)
3382,Better Cheddar Bacon Burger
3383,Black & Bleu Caesar Salad
3384,Broccoli
3385,Broccoli Cheese Casserole
3386,Brownie Lover’s Brownie
3387,Add Grilled Chicken
3388,Add Italian Sausage
3389,Add Meatball
3390,Add Shrimp
3391,Alfredo Dipping Sauce
3392,Alfredo Sauce
3393,Amaretto Tiramisu with Almond Cookie Crumble
3394,Black Tie Mousse Cake
3395,Braised Beef & Tortelloni
3396,Braised Beef & Tortelloni
3397,Breadstick (with garlic-butter spread)
3398,Bruschetta
3399,Caesar Salad without croutons
3400,Calamari
3401,Capellini di Mare
3402,Capellini Pomodoro
3403,Capellini Pomodoro
3404,Cappuccino Viva Italiano
3405,Caprese Flatbread
3406,Cheese Pizza
3407,Cheese Ravioli
3408,Cheese Ravioli With Marinara Sauce
3409,Cheese Ravioli with Marinara Sauce
3410,Cheese Ravioli With Meat Sauce
3411,Cheese Ravioli with Meat Sauce
3412,Chianti Braised Short Ribs
3413,Chicken & Gnocchi (one serving)
3414,Chicken & Shrimp Carbonara
3415,Chicken Alfredo
3416,Chicken Alfredo
3417,Chicken Alfredo Pizza
3418,Chicken Fingers & Pasta
3419,Chicken Marsala
3420,Chicken Parmigiana
3421,Chicken Parmigiana
3422,Chicken Scampi
3423,Chicken Scampi
3424,Chicken Vino Bianco
3425,Chocolate Mousse with Dark Chocolate Cookie Crust
3426,Chocolate Sauce
3427,Create Your Own Pizza (with cheese and sauce only)
3428,Dark Chocolate Cake with Chocolate Mousse & Caramel Cream
3429,Eggplant Parmigiana
3430,Eggplant Parmigiana
3431,Eggplant Parmigiana
3432,Fettuccine
3433,Fettuccine Alfredo
3434,Fettuccine Alfredo
3435,Five Cheese Marinara Dipping Sauce
3436,Five Cheese Ziti al Forno
3437,Five Cheese Ziti al Forno
3438,Garden-Fresh Salad (one serving with dressing)
3439,Garden-Fresh Salad (one serving without dressing)
3440,Garden-Fresh Salad without croutons
3441,Garlic Mashed Potatoes
3442,Grapes
3443,Grilled Chicken Caesar Salad
3444,Grilled Chicken Caprese
3445,Grilled Chicken Flatbread
3446,Grilled Chicken Florentine
3447,Grilled Chicken Parmesan
3448,Grilled Chicken Parmesan with Marinara Sauce
3449,Grilled Sausage & Peppers Rustica
3450,Grilled Shrimp Caprese
3451,Grilled Shrimp Caprese
3452,Grilled Steak & Portobello
3453,Herb-Grilled Salmon
3454,Herb-Grilled Salmon
3455,Hot Artichoke-Spinach Dip
3456,Kids’ Grilled Chicken
3457,Kids’ Penne Rigate with Marinara
3458,Lasagna Classico
3459,Lasagna Classico
3460,Lasagna Fritta
3461,Lasagna Rollata al Forno
3462,Lasagna Rollata al Forno
3463,Lemon Cream Cake
3464,Limoncello Mousse with Vanilla Cookie Crust
3465,Linguine alla Marinara
3466,Linguine alla Marinara
3467,Macaroni & Cheese
3468,Marinara Dipping Sauce
3469,Marinara Sauce
3470,Meat Sauce
3471,Mediterranean Grilled Chicken
3472,Minestrone (one serving)
3473,Mixed Grill
3474,Mixed Grill
3475,Mixed Grill (all chicken)
3476,Mussels di Napoli
3477,Parmesan Crusted Bistecca
3478,Parmesan Crusted Shrimp
3479,Parmesan Crusted Steak
3480,Parmesan Crusted Tilapia
3481,Parmesan-Butter Sauce
3482,Parmesan-Peppercorn Sauce
3483,Pasta e Fagioli (one serving)
3484,Peach-Mango Smoothie
3485,Penne
3486,Penne Rigate Pomodoro (Dinner)
3487,Penne Rigate Pomodoro (Lunch)
3488,Penne Rigate with Marinara (Dinner)
3489,Penne Rigate with Marinara (Lunch)
3490,Pepperoni Pizza
3491,Ravioli di Portobello
3492,Ravioli di Portobello
3493,Sampler Italiano – Chicken Fingers
3494,Sampler Italiano – Fried Mozzarella
3495,Sampler Italiano – Fried Zucchini
3496,Sampler Italiano – Marinara Sauce
3497,Sampler Italiano – Parmesan-Peppercorn Sauce
3498,Sampler Italiano – Toasted Beef & Sampler Italiano – Pork Ravioli
3499,Sampler Italiano – Tomato Sauce
3500,Sampler Italiano -Calamari
3501,Sampler Italiano -Stuffed Mushrooms
3502,Seafood Alfredo
3503,Seafood Alfredo
3504,Seafood Brodetto
3505,Seafood Portofino
3506,Shrimp & Crab Tortelli Romana
3507,Shrimp Mezzaluna
3508,Shrimp Primavera
3509,Shrimp Primavera
3510,Shrimp Scampi Fritta
3511,Sicilian Scampi
3512,Small Shells
3513,Smoked Mozzarella Fonduta
3514,Spaghetti
3515,Spaghetti & Italian Sausage
3516,Spaghetti & Italian Sausage
3517,Spaghetti & Meatballs
3518,Spaghetti & Meatballs
3519,Spaghetti with Meat Sauce
3520,Spaghetti with Meat Sauce
3521,Steak Gorgonzola-Alfredo
3522,Steak Toscano
3523,Steak Toscano
3524,Steamed Broccoli
3525,Strawberry & White Chocolate Cream Cake
3526,Strawberry Smoothie
3527,Stuffed Chicken Marsala
3528,Stuffed Mushrooms
3529,Sundae
3530,Tiramisu
3531,Tomato Sauce
3532,Tour of Italy
3533,Tour of Italy
3534,Triple Chocolate Strata
3535,Venetian Apricot Chicken
3536,Venetian Apricot Chicken
3537,Warm Apple Crostata
3538,White Chocolate Raspberry Cheesecake
3539,Whole Wheat Linguine
3540,Wild Berry Smoothie
3541,Zeppoli
3542,Zuppa Toscana (one serving)
3543,2 Lobster Tails With Tangy Tomato Salad No Croutons And Broccoli No Butter
3544,6 oz Sirloin With Broccoli No Butter And Tangy Tomato Salad No Croutons
3545,7 oz Salmon With Seasonal Veggies No Butter
3546,Aged Cheddar Bacon Burger
3547,Alice Springs Chicken Quesadillas ® Regular
3548,Alice Springs Chicken Quesadillas ® Small
3549,Alice Springs Chicken®
3550,Aussie Cheese Fries Regular
3551,Aussie Cheese Fries Small
3552,Aussie Chicken Cobb Salad Crispy
3553,Aussie Chicken Cobb Salad Crispy with Blue Cheese Dressing
3554,Aussie Chicken Cobb Salad Crispy with Honey Mustard Dressing
3555,Aussie Chicken Cobb Salad Crispy with Tangy Tomato Dressing
3556,Aussie Chicken Cobb Salad Crispy with Thousand Island Dressing
3557,Aussie Chicken Cobb Salad Grilled
3558,Aussie Chicken Cobb Salad Grilled with Blue Cheese Dressing
3559,Aussie Chicken Cobb Salad Grilled with Honey Mustard Dressing
3560,Aussie Chicken Cobb Salad Grilled with Mustard Vinagrette
3561,Aussie Chicken Cobb Salad Grilled with Oil And Vinegar
3562,Aussie Chicken Cobb Salad Grilled with Ranch Dressing
3563,Aussie Chicken Cobb Salad Grilled with Tangy Tomato Dressing
3564,Aussie Chicken Cobb Salad Grilled with Thousand Island Dressing
3565,Aussie Fries
3566,Baby Back Ribs 1/2 Order
3567,Baby Back Ribs Full Order
3568,Bloomin’ Onion®
3569,Blue Cheese Crumb Crust
3570,Blue Cheese Pecan Chopped Salad
3571,Boomerang Cheese Burger
3572,Caesar Salad
3573,Caesar Salad Chicken
3574,Caesar Salad Shrimp
3575,California Chicken Salad
3576,Carrot Cake
3577,Chicken Artichoke Flatbread
3578,Chicken Fingers
3579,Chicken On The Barbie With Seasonal Veggies
3580,Chocolate Thunder From Down Under®
3581,Classic Blue Cheese Wedge Salad
3582,Classic Cheesecake
3583,Coconut Shrimp
3584,Dressed Baked Potato
3585,Filet & Grilled Shrimp On The Barbie
3586,Filet 5 oz And Grilled Shrimp With Broccoli No Butter
3587,Filet 6 oz & Lobster Tail 4 oz
3588,Filet Focaccia Sandwich
3589,Filet Wedge Salad
3590,Filet With Wild Mushroom Sauce
3591,Fresh Seasonal Mixed Veggies
3592,Fresh Steamed Broccoli
3593,Fresh Steamed French Green Beans
3594,Fresh Tilapia With Pure Lump Crabmeat
3595,Garlic Mashed Potatoes
3596,Grilled Asparagus
3597,Grilled Cheese-A-Roo
3598,Grilled Chicken & Swiss Sandwich
3599,Grilled Chicken On The Barbie
3600,Grilled Chicken on the Barbie
3601,Grilled Chicken Sandwich With Broccoli No Butter
3602,Grilled Scallops
3603,Grilled Shrimp
3604,Grilled Shrimp On The Barbie
3605,Hearts Of Gold Mahi
3606,Horseradish Crumb Crust
3607,House Salad
3608,House Salad with Blue Cheese Dressing
3609,House Salad with Honey Mustard Dressing
3610,House Salad with Mustard Vinaigrette Dressing
3611,House Salad with Ranch Dressing
3612,House Salad with TangyTomato Dressing
3613,House Salad with Thousand Island Dressing
3614,Joey Sirloin
3615,Junior Ribs
3616,Lobster Tail
3617,Lobster Tails 4 oz
3618,Mac-A-Roo ‘N Cheese
3619,New York Strip 10 oz
3620,New York Strip 14 oz
3621,New Zealand Rack Of Lamb
3622,No Rules Parmesan Pasta
3623,No Rules Parmesan Pasta with Grilled Chicken
3624,No Rules Parmesan Pasta with Grilled Chicken And Grilled Scallops
3625,No Rules Parmesan Pasta with Grilled Chicken And Grilled Shrimp
3626,No Rules Parmesan Pasta with Grilled Scallops
3627,No Rules Parmesan Pasta with Grilled Shrimp
3628,No Rules Parmesan Pasta with Grilled Shrimp And Grilled Scallops
3629,No Rules Parmesan Pasta with Steamed Veggies
3630,Norwegian Salmon
3631,Outback Special® 12 oz
3632,Outback Special® 6 oz
3633,Outback Special® 9 oz
3634,Porterhouse 20 oz
3635,Prime Rib 12 oz
3636,Prime Rib 16 oz
3637,Prime Rib 8 oz
3638,Ribeye 10 oz
3639,Ribeye 14 oz
3640,Ribs & Chicken On The Barbie
3641,Rice
3642,Sautéed Mushrooms
3643,Seared Ahi Tuna Regular
3644,Seared Ahi Tuna Small
3645,Simply Grilled 8 oz Mahi With Rice Garnish And Steamed Veggies
3646,Simply Grilled Tilapia With Steamed Veggies
3647,Sirloin 12 oz & Coconut Shrimp
3648,Sirloin 12 oz & Grilled Shrimp
3649,Sirloin 6 oz & Coconut Shrimp
3650,Sirloin 6 oz & Grilled Shrimp
3651,Sirloin 9 oz & Coconut Shrimp
3652,Sirloin 9 oz & Grilled Shrimp
3653,Spinach Artichoke Dip
3654,Spotted Dog Sundae
3655,Sweet Adventure Sampler Trio®
3656,Sweet Glazed Pork Tenderloin
3657,Sweet Potato
3658,Sweet Potato Fries
3659,Sweet Potato with Brown Sugar
3660,Sweet Potato with Honey Butter
3661,Sweet Potato with Honey Butter & Brown Sugar
3662,Sydney’S Sinful Sundae®
3663,Teriyaki Filet Medallions
3664,The Bloomin’ Burger®
3665,The Outbacker Burger
3666,The Outbacker Burger With American Cheese
3667,The Outbacker Burger With Swiss Cheese
3668,Victoria’S Filet® 6 oz
3669,Victoria’S Filet® 8 oz
3670,Walkabout Soup® Of The Day Chicken Tortilla Soup  –  Bowl
3671,Walkabout Soup® Of The Day Chicken Tortilla Soup  – Cup
3672,Walkabout Soup® Of The Day Clam Chowder  – Bowl
3673,Walkabout Soup® Of The Day Clam Chowder  – Cup
3674,Walkabout Soup® Of The Day Creamy Onion Soup  –  Bowl
3675,Walkabout Soup® Of The Day Creamy Onion Soup  – Cup
3676,Walkabout Soup® Of The Day Potato Soup   –  Cup
3677,Walkabout Soup® Of The Day Potato Soup  – Bowl
3678,Walkabout Soup® Of The Day Too Right French Onion Soup
3679,Walkabout Soup® Of The Day White Bean Sausage Soup  – Cup
3680,Walkabout Soup® Of The Day White Bean Sausage Soup-Bowl
3681,Wings
3682,Wings with Hot Sauce
3683,Wings with Medium Sauce
3684,Wings with Mild Sauce
3685,Wood Fire Prime Rib 12 oz
3686,Wood Fire Prime Rib 16 oz
3687,Wood-Fire Grilled Ahi Tuna
3688,Wood-Fire Grilled Pork Chop
3689,BBQ Pork
3690,Beijing Beef™
3691,Black Pepper Chicken
3692,Broccoli Beef
3693,Chicken Egg Roll
3694,Chicken Potsticker
3695,Chow Mein
3696,Cream Cheese Rangoon
3697,Crispy Shrimp
3698,Eggplant & Tofu
3699,Fortune Cookies
3700,Fried Rice
3701,Golden Treasure Shrimp™
3702,Honey Walnut Shrimp
3703,Hot & Sour Soup
3704,Kobari™ Beef
3705,Kung Pao Chicken
3706,Mandarin Chicken
3707,Mixed Veggies (Entree)
3708,Mixed Veggies (Side)
3709,Mushroom Chicken
3710,Orange Chicken
3711,Peppercorn Shrimp
3712,Potato Chicken
3713,Steamed Rice
3714,String Bean Chicken Breast
3715,Sweet & Sour Chicken Breast
3716,Sweet & Sour Pork
3717,SweetFire Chicken Breast™
3718,Veggie Spring Roll
3719,All Natural Low-Fat Chicken Noodle
3720,All Natural Low-Fat Chicken Noodle – You Pick Two®
3721,All Natural Sonoma Chicken Stew with 1 Mini Dry Jack Biscuit-You Pick Two®
3722,All Natural Sonoma Chicken Stew with 2 Mini Dry Jack Biscuits
3723,All Natural Steak Chili with Cornbread
3724,All Natural Steak Chili with Cornbread – You Pick Two®
3725,Apple
3726,Apple Crunch Muffin
3727,Asiago Cheese
3728,Asiago Cheese Bagel with Bacon
3729,Asiago Cheese Bagel with Egg and Cheese
3730,Asiago Cheese Bagel with Sausage
3731,Asiago Cheese Demi
3732,Asiago Cheese Loaf
3733,"Bacon, Egg & Cheese on Ciabatta"
3734,Baked lays potato chips
3735,Baked Potato
3736,Baked Potato – You Pick Two®
3737,Bear Claw
3738,Blueberry
3739,Breakfast Power on Whole Grain
3740,Brewed Tea – Acai
3741,Brewed Tea – Black
3742,Brewed Tea- Acai
3743,Brewed Tea- Black
3744,Broccoli Cheddar
3745,Broccoli Cheddar – You Pick Two®
3746,Caffe Latte
3747,Caffe Mocha
3748,Candy
3749,Cappuccino
3750,Caramel
3751,Caramel Latte
3752,Carrot Cake with Walnuts
3753,Chai Tea Latte
3754,Cheese Pastries
3755,Cherry Pastries
3756,Chive & Onion
3757,Chive & Onion
3758,Chocolate Chip Bagel
3759,Chocolate Chip Muffie
3760,Chocolate Chipper
3761,Chocolate Chipper Petites
3762,Chocolate Pastries
3763,Ciabatta
3764,Cinnamon Chip Scones
3765,Cinnamon Coffee Crumb Cake- café serving
3766,Cinnamon Coffee Crumb Cake- whole unsliced serving
3767,Cinnamon Crunch
3768,Cinnamon Raisin Loaf
3769,Cinnamon Roll
3770,Cinnamon Swirl & Raisin
3771,Cobblestone
3772,Coffee
3773,Coffee
3774,Coffee
3775,"Coffee, Decaf"
3776,"Coffee, Decaf"
3777,"Coffee, Decaf"
3778,Cornbread Muffie
3779,Country Loaf
3780,Country Miche
3781,Cranberry Orange Muffin
3782,Cream of Chicken & Wild Rice
3783,Cream of Chicken & Wild Rice – You Pick Two®
3784,Creamy Tomato
3785,Creamy Tomato – You Pick Two®
3786,Double Fudge Brownie with Icing
3787,"Dry Jack Cheese Biscuit, mini"
3788,Easter Egg Shaped Shortbread
3789,Egg & Cheese on Ciabatta
3790,Everything
3791,Focaccia
3792,Focaccia with Asiago Cheese
3793,Four Cheese
3794,French Baguette
3795,French baguette
3796,French Croissant
3797,French Miche
3798,French Onion
3799,French Onion – You Pick Two®
3800,French Toast
3801,French Toast Bagel Breakfast with Sausage
3802,Fresh Apple Pastries
3803,Fresh Fruit Cup
3804,Full Asiago Roast Beef on Asiago Cheese
3805,Full Asian Sesame Chicken
3806,Full Bacon Turkey Bravo® on XL Tomato Basil
3807,Full BBQ Chopped Chicken
3808,Full Caesar
3809,Full Chicken Caesar
3810,Full Chicken Caesar on Three Cheese
3811,Full Chipotle Chicken on Artisan French
3812,Full Chopped Chicken Cobb
3813,Full Chopped Steak & Blue Cheese
3814,Full Classic Cafe
3815,Full Cuban Chicken Panini
3816,Full Frontega Chicken® on Focaccia
3817,Full Fuji Apple with Chicken
3818,Full Greek
3819,Full Italian Combo on Ciabatta
3820,Full Mediterranean Salmon
3821,Full Mediterranean Veggie on XL Tomato Basil
3822,Full Napa Almond Chicken Salad on Sesame Semolina
3823,Full Roasted Turkey Artichoke on Foccacia with Asiago Cheese
3824,Full Salmon Caesar
3825,Full Salmon Club Croissant
3826,Full Sierra Turkey on Focaccia with Asiago Cheese
3827,Full Smoked Ham & Swiss on Stone-Milled Rye
3828,Full Smoked Turkey Breast on Country
3829,Full Smokehouse Turkey® on Three Cheese
3830,Full Steak & White Cheddar on French Baguette
3831,Full Steak Balsamico
3832,Full Thai Chopped Chicken
3833,Full Tomato & Mozzarella on Ciabatta
3834,Full Tuna Salad on Honey Wheat
3835,Half Asiago Roast Beef on Asiago Cheese
3836,Half Asian Sesame Chicken
3837,Half Bacon Turkey Bravo® on XL Tomato Basil
3838,Half BBQ Chopped Chicken
3839,Half Caesar
3840,Half Chicken Caesar
3841,Half Chicken Caesar on Three Cheese
3842,Half Chipotle Chicken on Artisan French
3843,Half Chopped Chicken Cobb
3844,Half Chopped Steak & Blue Cheese
3845,Half Classic Cafe
3846,Half Cuban Chicken Panini
3847,Half Frontega Chicken® on Focaccia
3848,Half Fuji Apple with Chicken
3849,Half Greek
3850,Half Italian Combo on Ciabatta
3851,Half Mediterranean Salmon
3852,Half Mediterranean Veggie on XL Tomato Basil
3853,Half Napa Almond Chicken Salad on Sesame Semolina
3854,Half Roasted Turkey Artichoke on Foccacia with Asiago Cheese
3855,Half Salmon Caesar
3856,Half Salmon Club Croissant
3857,Half Sierra Turkey on Focaccia with Asiago Cheese
3858,Half Smoked Ham & Swiss on Stone-Milled Rye
3859,Half Smoked Turkey Breast on Country
3860,Half Smokehouse Turkey® on Three Cheese
3861,Half Steak & White Cheddar on French Baguette
3862,Half Steak Balsamico
3863,Half Thai Chopped Chicken
3864,Half Tomato & Mozzarella on Ciabatta
3865,Half Tuna Salad on Honey Wheat
3866,Ham and Swiss
3867,Honey Wheat Loaf
3868,Hot Chocolate
3869,Hot Cross Buns
3870,Iced Chai Tea Latte
3871,Iced Infused Green Tea (with passionfruit & papaya)
3872,Jalapeno & Cheddar
3873,Jalapeno & Cheddar Bagel with Bacon
3874,Jalapeno & Cheddar Bagel with Egg and Cheese
3875,Jalapeno & Cheddar Bagel with Sausage
3876,Jalapeno & Cheddar Bagel with Smoked Ham
3877,Lemonade
3878,Low Fat Cranberry Orange Smoothie
3879,Low Fat Garden Vegetable with Pesto
3880,Low Fat Garden Vegetable with Pesto – You Pick Two®
3881,Low Fat Mango Smoothie
3882,Low Fat Strawberry Smoothie with Ginseng
3883,Low Fat Wild Berry Smoothie
3884,Low-Fat Vegetarian Black Bean
3885,Low-Fat Vegetarian Black Bean – You Pick Two®
3886,Mango
3887,Mediterranean Egg White on Ciabatta
3888,Mint Crinkle
3889,Mocha
3890,New England Clam Chowder
3891,New England Clam Chowder – You Pick Two®
3892,Oatmeal Raisin
3893,Orange Juice – Large
3894,Orange Juice – Small
3895,Orange Scones
3896,Orange- mini Scones
3897,Organic Apple Juice
3898,Organic Chocolate Milk
3899,Organic Milk
3900,Panera Kids Deli Sandwich – Roast Beef
3901,Panera Kids Deli Sandwich – Smoked Ham
3902,Panera Kids Deli Sandwich – Smoked Turkey
3903,Panera Kids Grilled Cheese Sandwich
3904,Panera Kids Mac & Cheese
3905,"Panera Kids Organic Yogurt (blueberry, strawberry)"
3906,Panera Kids Peanut Butter & Jelly Sandwich
3907,Panera potato chips
3908,Pastry Ring – Apple Cherry Cheese
3909,Pecan Braid Pastries
3910,Pecan Roll
3911,Pickle spear
3912,Plain
3913,Plain
3914,Plain
3915,Pumpkin Muffie
3916,Pumpkin Muffin
3917,Reduced Fat Hazelnut
3918,Reduced Fat Hazelnut
3919,Bacon Biscuit
3920,Baguette
3921,Biscuit
3922,Blackened Bbq Chicken Po’ Boy
3923,Blackened Tenders (3 Pcs)
3924,Bonafide Mild Chicken (Breast)
3925,Bonafide Mild Chicken (Leg)
3926,Bonafide Mild Chicken (Thigh)
3927,Bonafide Mild Chicken (Wing)
3928,Bonafide Spicy Chicken (Breast)
3929,Bonafide Spicy Chicken (Leg)
3930,Bonafide Spicy Chicken (Thigh)
3931,Bonafide Spicy Chicken (Wing)
3932,Butterfly Shrimp (8 Shrimp)
3933,Cajun Fries
3934,Cajun Fries
3935,Cajun Rice
3936,Cajun Rice
3937,Catfish Fillet
3938,Cheddar Cheese Tortilla
3939,Chicken & Sausage Jambalaya
3940,Chicken Biscuit
3941,Chicken Livers (10)
3942,Chicken Po’ Boy
3943,Cole Slaw
3944,Cole Slaw
3945,Corn On The Cob
3946,Egg & Sausage Biscuit
3947,Egg Biscuit
3948,Green Beans
3949,Green Beans
3950,Grits
3951,Hashbrowns
3952,Hot Cinnamon Apple Pie
3953,Hot Sweet Potato Pie
3954,Loaded Chicken Wrap
3955,Macaroni & Cheese
3956,Macaroni & Cheese
3957,Mardi Gras Cheesecake
3958,Mashed Potatoes
3959,Mashed Potatoes
3960,Mild Tenders (3 Pcs)
3961,Mississippi Mud Pie
3962,Nuggets (4 Pcs)
3963,Nuggets (6 Pcs)
3964,Onion Rings
3965,Onion Rings
3966,Onion Rings
3967,Popcorn Shrimp
3968,Red Beans& Rice
3969,Red Beans& Rice
3970,Sausage & Gravy Biscuit
3971,Sausage Biscuit
3972,Shrimp Po’ Boy
3973,Sliced Pecan Pie
3974,Spicy Tenders (3 Pcs)
3975,6 Meat Deli Stack (Large)
3976,6 Meat Deli Stack (Regular)
3977,6 Meat Deli Stack (Small)
3978,Baja Chicken  (Regular)
3979,Baja Chicken (Large)
3980,Baja Chicken (Small)
3981,Basil Pesto Chicken (Large)
3982,Basil Pesto Chicken (Small)
3983,"Beef, Bacon and Cheddar (Slider)"
3984,Black Angus on Rosemary Parmesan (Large)
3985,Black Angus on Rosemary Parmesan (Regular)
3986,Black Angus on Rosemary Parmesan (Small)
3987,BLT Classic (Slider)
3988,Broccoli Cheese (Bread Bowl)
3989,Broccoli Cheese (Large)
3990,Broccoli Cheese (Small)
3991,California Chicken Club (Large)
3992,California Chicken Club (Regular)
3993,California Chicken Club (Small)
3994,Chicken Bacon Ranch (Large)
3995,Chicken Bacon Ranch (Small)
3996,Chicken Carbonara (Large)
3997,Chicken Carbonara (Regular)
3998,Chicken Carbonara (Small)
3999,Chicken Noodle (Large)
4000,Chicken Noodle (Small)
4001,Chili (Bread Bowl)
4002,Chili (Large)
4003,Chili (Small)
4004,Chocolate Brownie
4005,Cinnamon Sugar Cookie
4006,Classic Italian (Large)
4007,Classic Italian (Regular)
4008,Classic Italian (Small)
4009,Cobb (Large)
4010,Cobb (Small)
4011,Cobb (Wrap)
4012,Double Cheese Prime Rib (Large)
4013,Double Cheese Prime Rib (Regular)
4014,Double Cheese Prime Rib (Small)
4015,French Dip (Large)
4016,French Dip (Regular)
4017,French Dip (Small)
4018,Greek Chicken (Large)
4019,Greek Chicken (Small)
4020,Harvest Chicken (Large)
4021,Harvest Chicken (Small)
4022,Harvest Chicken (Wrap)
4023,Honey Bacon Club (Large)
4024,Honey Bacon Club (Regular)
4025,Honey Bacon Club (Small)
4026,Honey Mustard Chicken  (Large)
4027,Honey Mustard Chicken (Small)
4028,Honey Mustard Chicken (Wrap)
4029,Little Italy (Large)
4030,Little Italy (Small)
4031,Lobster & Seafood Salad (Large)
4032,Lobster & Seafood Salad (Small)
4033,Lobster & Seafood Salad (Wrap)
4034,Lobster & Seafood Salad Sub (Large)
4035,Lobster & Seafood Salad Sub (Regular)
4036,Lobster & Seafood Salad Sub (Small)
4037,Marinara
4038,Marshmallow Treat
4039,Meatball (Large)
4040,Meatball (Regular)
4041,Meatball (Slider)
4042,Meatball (Small)
4043,Mediterranean Chicken (Large)
4044,Mediterranean Chicken (Small)
4045,Mediterranean Chicken (Wrap)
4046,Mesquite Chicken (Large)
4047,Mesquite Chicken (Regular)
4048,Mesquite Chicken (Small)
4049,Monster Meatball
4050,Peppercorn Caesar with Chicken (Large)
4051,Peppercorn Caesar with Chicken (Small)
4052,Peppercorn Caesar with Chicken (Wrap)
4053,Peppercorn Prime Rib (Large)
4054,Peppercorn Prime Rib (Regular)
4055,Peppercorn Prime Rib (Small)
4056,Pestos (Large)
4057,Pestos (Regular)
4058,Pestos (Small)
4059,Prime Rib Philly (Large)
4060,Prime Rib Philly (Regular)
4061,Prime Rib Philly (Small)
4062,Qkidz Cookie
4063,Smoky Chipotle Turkey (Slider)
4064,Sonoma Turkey (Large)
4065,Sonoma Turkey (Small)
4066,The Traditional (Large)
4067,The Traditional (Regular)
4068,The Traditional (Small)
4069,Triple Play Cheese Melt
4070,Turkey Bacon Guacamole
4071,Turkey Bacon Guacamole (Regular)
4072,Turkey Bacon Guacamole (Small)
4073,Turkey Club (Slider)
4074,Ultimate Chocolate Chunk Cookie
4075,Ultimate Turkey Club (Large)
4076,Ultimate Turkey Club (Regular)
4077,Ultimate Turkey Club (Small)
4078,A.1.® Peppercorn Burger
4079,Absolut Lemonade
4080,Absolutely Absolut Freckled Lemonade
4081,All-American Patty Melt
4082,Apple Harvest Chicken Salad
4083,Arctic Cod Fish & Chips
4084,Avo-Cobb-o Salad
4085,Bailey’s Irish Cream Shake
4086,Banana Daiquiri
4087,Birthday Sundae
4088,Blackened Chicken Sandwich
4089,Bleu Ribbon Burger
4090,BLTA Croissant
4091,Bruschetta Chicken Sandwich
4092,Buffalo Clucks & Fries
4093,Burnin Love Burger
4094,Caesar’s Chicken Wrap
4095,California Chicken Sandwich
4096,Carnival Corn Dog
4097,Cheesy Mac ‘n Cheesy
4098,Cherry Lime Flip
4099,Chick On A Stick
4100,Chick-Chick-Chicken Fingers Kid’s Meal
4101,Chick-n-Cheese Quesadilla
4102,Chicken Caprese Sandwich
4103,Chicken Tortilla Soup Bowl
4104,Chicken Tortilla Soup Cup
4105,Chili Chili con Queso
4106,"Clam Chowder Soup, Bowl"
4107,"Clam Chowder Soup, Cup"
4108,Clam Strips
4109,Classic Banana Malt
4110,Classic Banana Milkshake
4111,Classic Chocolate Malt
4112,Classic Chocolate Milkshake
4113,Classic Creamy Mac ‘N’ Cheese
4114,Classic Creamy Mac n Cheese
4115,Classic Mint Brownie Shake
4116,Classic Mojito
4117,Classic Peach Malt
4118,Classic Peach Milkshake
4119,Classic Raspberry Malt
4120,Classic Raspberry Milkshake
4121,Classic Rookie Magic Shake
4122,Classic Strawberry Malt
4123,Classic Strawberry Milkshake
4124,Classic Vanilla Malt
4125,Classic Vanilla Milkshake
4126,Clucks & Fries
4127,Clucks & Shrimp Combo
4128,Coleslaw
4129,Creamy Spinach & Artichoke Dip
4130,Crispy Arctic Cod Sandwich
4131,Crispy Chicken Sandwich
4132,Crispy Chicken Tender Salad
4133,Electric Watermelon
4134,Ensenada Chicken Platter 1pc
4135,Ensenada Chicken Platter 2pc
4136,Flat On Your Beak
4137,Freckled Lemonade
4138,Freckled Lemonade Light
4139,"French Onion Soup, Bowl"
4140,"French Onion Soup, Cup"
4141,Garden Burger
4142,Gold Margarita – Frozen
4143,Gold Margarita – Mango
4144,Gold Margarita – Peach
4145,Gold Margarita – Raspberry
4146,Gold Margarita – Rocks
4147,Gold Margarita – Strawberry
4148,Gourmet Cheeseburger
4149,Grilled Cheesewich
4150,Grilled Chicken alla Caprese
4151,Grilled Salmon Sandwich
4152,Grilled Turkey Burger
4153,Groovy Smoothie
4154,Guacamole & Salsa with Chips
4155,Guacamole Bacon Burger
4156,Hawaiian Heart Throb Smoothie
4157,Hot Apple Crisp
4158,Hot Fudge Sundae
4159,House Salad
4160,Jumbo Shrimp & Slaw Platter
4161,Jump Starter Cheese Sticks
4162,Jump Starter Clam Strips
4163,Jump Starter Jalapeno Coins
4164,Jump Starter Kettle-Cooked Chips
4165,Jump Starter Mushrooms
4166,Jump Starter Onion Rings
4167,Jump Starter Zucchini
4168,Jungle Shake
4169,Just-In Quesadilla Vegetarian
4170,Just-In Quesadilla w/Chicken
4171,Kahlua Jamaican Shake
4172,Kettle-Cooked Chips
4173,Kid’s Apple Slices
4174,Kid’s Banana Malt
4175,Kid’s Banana Milkshake
4176,Kid’s Chocolate Malt
4177,Kid’s Chocolate Milk
4178,Kid’s Chocolate Milkshake
4179,Kid’s Freckled Lemonade
4180,Kid’s Freckled Lemonade light
4181,Kid’s Mandarin Oranges
4182,Kid’s Melon Wedges
4183,Kid’s Milk
4184,Kid’s Mint Brownie Shake
4185,Kid’s Peach Malt
4186,Kid’s Peach Milkshake
4187,Kid’s Raspberry Malt
4188,Kid’s Raspberry Milkshake
4189,Kid’s Rookie Magic Milkshake
4190,Kid’s Root Beer Float
4191,Kid’s Side Baby Carrots & Ranch
4192,Kid’s Side Broccoli
4193,Kid’s Side Salad
4194,Kid’s Steak Fries
4195,Kid’s Strawberry Malt
4196,Kid’s Strawberry Milkshake
4197,Kid’s Strawberry Smoothie
4198,Kid’s Sundae
4199,Kid’s Vanilla Malt
4200,Kid’s Vanilla Milkshake
4201,Kids Groovy Smoothie
4202,Kids Hawaiian Heart Throb Smoothie
4203,Kids Raspberry Limeade
4204,Lettuce-Wrap Your Burger
4205,Melon Wedges
4206,Mighty Caesar Salad
4207,Mighty Caesar w/ Blackened Chicken Salad
4208,Mighty Caesar w/ Blackened Salmon Salad
4209,Mighty Caesar w/ Grilled Chicken Salad
4210,Mighty Caesar w/ Grilled Salmon Salad
4211,Monster Malt Banana
4212,Monster Malt Chocolate
4213,Monster Malt Peach
4214,Monster Malt Raspberry
4215,Monster Malt Strawberry
4216,Monster Malt Vanilla
4217,Monster Rookie Magic Shake
4218,Monster Shake Banana
4219,Monster Shake Chocolate
4220,Monster Shake Mint Brownie
4221,Monster Shake Peach
4222,Monster Shake Raspberry
4223,Monster Shake Strawberry
4224,Monster Shake Vanilla
4225,Mountain High Mudd Pie
4226,Nacho Ordinary Chili Nachos
4227,Nacho Ordinary Chili Nachos w/Chicken
4228,Natural Burger
4229,Nuclear Ice Tea
4230,One Great Margarita – Peach
4231,One Great Margarita – Raspberry
4232,One Great Margarita – Rocks
4233,One Great Margarita – Strawberry
4234,One Great Margarita-Frozen
4235,One Great Margarita-Mango
4236,Parmesan Noodles
4237,Peach Daiquiri
4238,Peach Iced Tea
4239,Platinum Patron Margarita
4240,Pomegranate Iced Tea
4241,Prime Rib Dip
4242,Pub Burger
4243,Rad Chicken Burger
4244,Rad Garden Burger
4245,Rad Robin Burger
4246,Rad Turkey Burger
4247,Rad Vegan Boca Burger
4248,Raspberry Daiquiri
4249,Raspberry Iced Tea
4250,Red Robin Bacon Cheeseburger
4251,Red Robin Steak Fries
4252,Red Robinetti Spaghetti
4253,Red’s Cheese Pizza
4254,Red’s Homemade Chili Chili™ – Bowl
4255,Red’s Homemade Chili Chili™ – Cup
4256,Red’s Pizzeria Pizza
4257,Reds Nantucket Seafood Scatter
4258,Royal Red Robin Burger®
4259,RR’s Buzzard Wings®
4260,Sand In Your Shorts
4261,Sautéed ‘Shroom Burger
4262,Screaming Red Zombie
4263,Side Caesar Salad
4264,Simply Grilled Chicken Salad
4265,Simply Grilled Chicken Sandwich
4266,Southwest Chicken Pasta
4267,Southwest Grilled Chicken Salad
4268,Southwest Pasta w/o Chicken
4269,Steamed Broccoli
4270,Steamed Carrots
4271,Strawberry Daiquiri
4272,Strawberry Lemon Vojito
4273,T.N.T.
4274,Teriyaki Chicken Sandwich
4275,The Banzai Burger®
4276,Towering Onion Rings®
4277,Triple S Riblet & Classic Creamy Mac n Cheese
4278,Add Chicken
4279,Add Scallops
4280,Add Shrimp
4281,Alfredo Sauce
4282,Arrabbiata Sauce
4283,Asparagus
4284,Baked Prosciutto & Mozzarella
4285,Basil Pesto Sauce
4286,Beer – 12 Ounces
4287,Bellini Cipriani
4288,Bibb & Blue (Includes Dressing)
4289,Blood Orange Cosmo
4290,Blood Orange Italian Soda
4291,Bolognese Sauce
4292,Broccolini
4293,Bruschetta Crostini
4294,Caesar (Includes Dressing)
4295,Caesar Salad (Includes Dressing)
4296,Calamari Fritti
4297,Cannellini Beans
4298,Capellini
4299,Capellini Pomodoro
4300,Caprese
4301,Caprese Panini
4302,Carbonara
4303,Carmela’S Chicken
4304,Carmela’S Chicken
4305,Chicken & Mushroom Cannelloni
4306,Chicken Marsala
4307,Chicken Parmesan
4308,Chicken Scaloppine
4309,Chicken Strips With Broccolini
4310,Chicken Strips With Fries
4311,Chicken Strips With Salad
4312,Chicken Under A Brick
4313,Coffee
4314,Cranberry Orange Spritz
4315,Crispy Artichoke Potato Cakes
4316,Crispy Fresh Mozzarella
4317,Eggplant Parmesan
4318,Eggplant Quadratini
4319,Farfalle
4320,Fettuccine Alfredo
4321,Fettuccine Alfredo With Chicken
4322,Fettuccine Alfredo With Shrimp
4323,Florentine Steak & Frites
4324,Fresh Greens Salad (Includes Dressing)
4325,Fresh Spinach
4326,Garlic Cream Sauce
4327,Gelato: Dark Chocolate
4328,Gelato: Double Vanilla
4329,Ginger Root Soda
4330,Gluten-Free Penne
4331,Goat Cheese Peppadew Peppers
4332,Grilled Chicken & Pasta
4333,Grilled Chicken Spiedini
4334,Grilled King Salmon
4335,Grilled Shrimp Spiedini
4336,Half Caprese Panini
4337,Half Roasted Turkey
4338,Homemade Chocolate Cake
4339,Italian Mojito
4340,Italian Sausage
4341,Italian Sausage Pizza
4342,Lasagna Bolognese
4343,Lemon Passion
4344,Lentil Soup
4345,Lentil Soup
4346,Light Beer – 12 Ounces
4347,Limonata Nojito
4348,Lobster Ravioli
4349,Mac & Cheese
4350,"Mac & Cheese Bites, Truffle Dip"
4351,Mama’S Trio
4352,Margarita Prima
4353,Margherita Pizza
4354,Market Chop (Includes Dressing)
4355,Market Chop (Includes Dressing)
4356,Mediterranean Olives (Without Bread)
4357,Minute Maid® Lemonade
4358,Mom’S Ricotta Meatballs & Spaghetti (Bolognese)
4359,Mom’S Ricotta Meatballs & Spaghetti (Pomodoro)
4360,Mushroom Ravioli
4361,New York Style Cheesecake
4362,Pan-Roasted Pork Chop
4363,Pan-Seared Branzino
4364,Pancetta
4365,Parmesan Fries
4366,Parmesan-Crusted Chicken (Includes Dressing)
4367,Parmesan-Crusted Sole
4368,Pasta Di Mare
4369,Pasta Milano
4370,Peasant Bread
4371,Penne
4372,Penne Rustica
4373,Pepperoni Pizza
4374,Perfect Martini
4375,Pesto Spaghetti
4376,Pollo Caprese
4377,Pomegranate Italian Soda
4378,Pomodorina Soup
4379,Pomodorina Soup
4380,Pomodoro Sauce
4381,Primo Pepperoni Pizza
4382,Quattro Cannoli
4383,Ricotta Meatball Sliders
4384,Ricotta Meatballs
4385,Rigatoni
4386,Roasted Chicken
4387,Roasted Chicken & Arugula Flatbread
4388,Roasted Mushroom Soup
4389,Roasted Mushroom Soup
4390,Roasted Mushrooms
4391,Roasted Peppers
4392,Roasted Tomatoes
4393,Roasted Turkey
4394,Rosemary Ham
4395,Salad Sampler (Includes Dressing)
4396,San Pellegrino® Sparkling Mineral Water
4397,Sausage & Kale Soup
4398,Sausage & Kale Soup
4399,Shrimp
4400,Shrimp Portofino
4401,"Shrimp, Cannellini Bean & Avocado Crostini"
4402,Side Caesar Salad (Includes Dressing)
4403,Side Fresh Greens Salad (Includes Dressing)
4404,Side Of Parmesan Fries
4405,Smoky Shrimp Flatbread
4406,Snap Peas
4407,Sorbet: White Peach
4408,Sorrento Lemonade
4409,Spaghetti
4410,Spaghetti & Meat Sauce
4411,Spaghetti & Meatballs
4412,Spaghetti & Pomodoro
4413,Spicy Herb-Roasted Mussels
4414,Spicy Ricotta Meatballs
4415,Stuffed Mushrooms
4416,Tiramisu
4417,Veal Saltimbocca
4418,"Warm Spinach Salad (Includes Dressing, No Protein)"
4419,White Peach Italian Soda
4420,Whole Wheat Fettuccine
4421,Whole Wheat Fettuccine
4422,Whole Wheat Fettuccine
4423,Wild Mushroom & Goat Cheese Flatbread
4424,Wine – 6 Ounces
4425,Zucchini Fritti
4426,Alpine Swiss Burger*
4427,Asiago Peppercorn Sirloin*
4428,Asiago Peppercorn Sirloin*
4429,Asian Chicken Lettuce Wraps
4430,Asian Chicken Lettuce Wraps
4431,Asian Dumplings
4432,Asian Glazed Salmon
4433,Asian Sesame Glazed Half-Rack
4434,Avocado Grilled Chicken Sandwich
4435,Avocado Turkey Burger
4436,Bacon Cheeseburger*
4437,Baja Chicken Quesadilla
4438,Baja Chicken Quesadilla
4439,Baja Chicken Tacos
4440,Baked Mac ‘n Cheese
4441,Baked Potato – Plain
4442,Baked Potato – Plain
4443,Baked Potato – with butter & sour cream
4444,Barbecue Grilled Chicken
4445,Barbecue Grilled Chicken – F&T
4446,Bella Chicken Crepê
4447,Bella Chicken Omelet
4448,Berry Fusion
4449,Berry Good Yogurt Parfait
4450,Berry Good Yogurt Parfait
4451,Blackened Tilapia with mango salsa
4452,Blondie for One
4453,Blondie for Two
4454,Blue Cheese Iceberg Tower – add-on
4455,Blue Cheese Iceberg Tower – entrée
4456,Boston Blue Burger*
4457,Boston Blue Triple Prime Burger*
4458,Broccoli & Cheese Soup
4459,Brown-Rice Pilaf
4460,Brown-Rice Pilaf
4461,Buffalo Chicken Burger
4462,Buffalo Chicken Minis
4463,Cajun Jambalaya Pasta
4464,Carolina Chicken Salad
4465,Carrot Cake Cupcake
4466,Chef’s Cut Sirloin*
4467,Chicken & Broccoli Pasta
4468,Chicken & Broccoli Pasta (with linguini)
4469,Chicken & Mushroom Alfredo
4470,Chicken Bella
4471,Chicken Bella
4472,Chicken Bella – F&T
4473,Chicken BLT
4474,Chicken Fresco
4475,Chicken Tenders – Traditional
4476,Chicken Three Ways
4477,Chicken Vegetable Harvest Soup
4478,Chocolate Chip Cookie (each)
4479,Classic Barbecue Half-Rack
4480,Classic Cheeseburger*
4481,Crab Cake Dinner
4482,Crabacado Omelet
4483,Cranapple Crepês
4484,Creamy Mashed Cauliflower
4485,Creamy Mashed Cauliflower
4486,Creamy Mashed Cauliflower – F&T
4487,Creole Catch
4488,Creole Catch
4489,Creole Catch – F&T
4490,Cupcakes – Four Pack (2 of each)
4491,Dockside Grill Trio
4492,Double Chocolate Cake
4493,Filet*
4494,Fire Wings
4495,Four Way Sampler
4496,French Fries
4497,French Toast
4498,Fresh Grilled Asparagus (when in season)
4499,Fresh Grilled Asparagus (when in season) – F&T
4500,Fresh Grilled Green Beans
4501,Fresh Grilled Green Beans
4502,Fresh Grilled Green Beans – F&T
4503,Fresh Grilled Zucchini
4504,Fresh Grilled Zucchini
4505,Fresh Grilled Zucchini – F&T
4506,Fresh Guacamole Dip
4507,Fresh Steamed Broccoli
4508,Fresh Steamed Broccoli
4509,Fresh Steamed Broccoli
4510,Fresh Steamed Broccoli – F&T
4511,Freshly Made Lemonade – Blackberry
4512,Freshly Made Lemonade – Blackberry
4513,Freshly Made Lemonade – Mixed Berry
4514,Freshly Made Lemonade – Pomegranate
4515,Freshly Made Lemonade – Pomegranate
4516,Freshly Made Lemonade – Raspberry
4517,Freshly Made Lemonade – Raspberry
4518,Freshly Made Lemonade – Strawberry
4519,Freshly Made Lemonade – Strawberry
4520,Freshly Made Lemonade – Wild Berry
4521,Fried Mozzarella
4522,Garlic Cheese Biscuit
4523,Garlic Cheese Biscuit
4524,Grilled Chicken Salad
4525,Grilled Chicken Salad
4526,Grilled Chicken Wrap
4527,Grilled Salmon
4528,Grilled Salmon – F&T
4529,Handcrafted Fruit Tea – Blackberry
4530,Handcrafted Fruit Tea – Blackberry
4531,Handcrafted Fruit Tea – Mango
4532,Handcrafted Fruit Tea – Mango
4533,Handcrafted Fruit Tea – Mixed Berry
4534,Handcrafted Fruit Tea – Peach
4535,Handcrafted Fruit Tea – Peach
4536,Handcrafted Fruit Tea – Raspberry
4537,Handcrafted Fruit Tea – Raspberry
4538,Handcrafted Fruit Tea – Wild Berry
4539,Herb-Crusted Tilapia
4540,Honest Kids Super Fruit Punch
4541,Italian Cream Cake
4542,Jamaican Jerk Shrimp
4543,Jumbo Lump Crab Burger
4544,Jumbo Lump Crab Cake
4545,Jumbo Lump Crab Cake – F&T
4546,Jumbo Shrimp Skewer add-on – 1 skewer
4547,Jumbo Shrimp Skewer add-on – 2 skewers
4548,Jumbo Skewered Shrimp
4549,Kid Beef Minis
4550,Kid Chicken Breast
4551,Kid Chicken Tenders
4552,Kid Chop Steak
4553,Kid Fried Shrimp
4554,Kid Grilled Cheese
4555,Kid Mac ‘n Cheese
4556,Kid Pasta Marinara
4557,Kid Pasta Marinara (with linguini)
4558,Kid Side of Apples
4559,Kid Side of Grapes
4560,Kid Side of White Cheddar Mashed Potatoes
4561,Kid Sundae
4562,Kid Turkey Minis
4563,Kids Eggscellent Combo
4564,Kids French Toast
4565,Kids Patty Cakes
4566,Large Fried Shrimp add-on
4567,Loaded Baked Potato
4568,Lobster Carbonara
4569,Lobster Mac ‘n Cheese & Garden Bar
4570,Louisiana Fried Shrimp
4571,Mediterranean Shrimp Pasta
4572,Memphis Dry Rub Half-Rack
4573,Mini Benedicts – Crispy Southern Chicken
4574,Mini Benedicts – Steak
4575,New Orleans Seafood
4576,New Orleans Seafood
4577,New Orleans Seafood
4578,New York Cheesecake
4579,Onion Rings
4580,Parmesan Chicken Pasta
4581,Parmesan Shrimp Pasta
4582,Parmesan Shrimp Pasta (with linguini)
4583,Peach Splash
4584,Peach Splash
4585,Petite Carolina Chicken Salad
4586,Petite Carolina Chicken Salad – F&T
4587,Petite Chicken Fresco
4588,Petite Chicken Fresco – F&T
4589,Petite Creole Catch
4590,Petite Creole Catch – F&T
4591,Petite Grilled Chicken Salad
4592,Petite Grilled Chicken Salad – F&T
4593,Petite Jumbo Shrimp Scampi
4594,Petite Jumbo Shrimp Scampi – F&T
4595,Petite Parmesan Shrimp Pasta
4596,Petite Parmesan Shrimp Pasta – F&T
4597,Petite Sirloin*
4598,Petite Sirloin* & Jumbo Skewered Shrimp
4599,Petite Sirloin* & Lobster Mac ‘n Cheese
4600,Petite Sirloin* & Lobster Tail
4601,Petite Sirloin* & Lobster Tail
4602,Petite Sirloin* – F&T
4603,Petite Sliced Sirloin*
4604,Petite Sliced Sirloin* – F&T
4605,Petite Spaghetti Squash Marinara
4606,Petite Spaghetti Squash Marinara – F&T
4607,Petite Zucchini Cakes
4608,Petite Zucchini Cakes – F&T
4609,Plain Grilled Chicken
4610,Plain Grilled Petite Sirloin*
4611,Plain Grilled Salmon
4612,Plain Grilled Top Sirloin*
4613,POM Tea
4614,POM Tea
4615,Queso & Chips
4616,Red Velvet Cupcake
4617,Rib Eye*
4618,Roasted Spaghetti Squash
4619,Roasted Spaghetti Squash – F&T
4620,RT Palmer
4621,RT Palmer
4622,Ruby Minis
4623,Ruby’s Classic Burger*
4624,Salmon Florentine
4625,Sauteed Baby Portabella Mushrooms
4626,6″ B.L.T.
4627,"6″ Bacon, Egg & Cheese Omelet Sandwich"
4628,"6″ Bacon, Egg & Cheese with Avocado Omelet Sandwich"
4629,"6″ Bacon, Egg (white) & Cheese with Avocado Omelet Sandwich"
4630,"6″ Bacon, Egg (White) and Cheese Omelet Sandwich"
4631,6″ Big Hot Pastrami
4632,6″ Big Philly Cheesesteak
4633,6″ Black Forest Ham
4634,"6″ Black Forest Ham, Egg & Cheese Omelet Sandwich"
4635,6″ Breakfast B.M.T.® Melt (with Egg White) Omelet Sandwich
4636,6″ Breakfast B.M.T.® Melt Omelet Sandwich
4637,6″ Chicken & Bacon Ranch Melt (includes cheese)
4638,6″ Chicken Cordon Bleu Melt
4639,6″ Chipotle Steak & Cheese with Avocado
4640,6″ Cold Cut Combo
4641,6″ Egg & Cheese Omelet Sandwich
4642,6″ Egg (White) & Cheese Omelet Sandwich
4643,6″ Egg White & Cheese (with ham) Omelet Sandwich
4644,6″ Egg White with Cheese and Avocado Omelet Sandwich
4645,6″ Fritos® Chicken Enchilada Melt
4646,6″ Italian B.M.T.®
4647,6″ Meatball Marinara
4648,6″ Oven Roasted Chicken
4649,6″ Roast Beef
4650,6″ Spicy Italian
4651,6″ Spicy Tuna
4652,6″ Sriracha Chicken Melt
4653,6″ Sriracha Steak Melt
4654,6″ Steak & Bacon Melt
4655,6″ Steak and Cheese
4656,"6″ Steak, Egg & Cheese Omelet Sandwich"
4657,"6″ Steak, Egg (White) & Cheese Omelet Sandwich"
4658,6″ Subway Club®
4659,6″ Subway Melt® (includes cheese)
4660,6″ Sunrise Subway Melt ®  (with Egg White) Omelet Sandwich
4661,6″ Sunrise Subway Melt ® Omelet Sandwich
4662,6″ Sweet Onion Chicken Teriyaki
4663,6″ Tuna
4664,6″ Turkey Breast
4665,6″ Turkey Breast & Ham
4666,6″ Turkey Jalapeno Melt
4667,6″ Tuscan Chicken Melt
4668,6″ Veggie Delite®
4669,"6″ Western, Egg & Cheese Omelet Sandwich"
4670,"6″ Western, Egg (White) & Cheese Omelet Sandwich"
4671,Apple Slices – 1 package
4672,Applewood Pulled Pork Salad
4673,B.L.T. with Avocado Salad
4674,"Bacon, Egg & Cheese with Avocado 3″ Flatbread"
4675,"Bacon, Egg (white) & Cheese with Avocado 3″ Flatbread"
4676,"Bacon, Egg (White) and Cheese 3″ Flatbread"
4677,"Bacon, Egg and Cheese 3″ Flatbread"
4678,Beef Chili (8 oz)
4679,Big Hot Pastrami Melt Salad
4680,Big Philly Cheesesteak Salad
4681,Birthday Berry Cookie
4682,Black Forest Ham Mini Sub
4683,Black Forest Ham Salad
4684,"Black Forest Ham, Egg & Cheese 3″ Flatbread"
4685,"Black Forest Ham, Egg White & Cheese 3″ Flatbread"
4686,Breakfast B.M.T. ® Melt (with Egg White) 3″ Flatbread
4687,Breakfast B.M.T. ® Melt (with regular egg) 3″ Flatbread
4688,Cheese Flatizza™
4689,Chicken Cordon Bleu Melt Salad
4690,Chicken Noodle (8 oz)
4691,Chicken Teriyaki with Spinach
4692,Chili Con Carne (10 oz)
4693,Chipotle Chicken & Cheese Salad
4694,Chipotle Steak & Cheese Salad
4695,Chocolate Chip Cookie
4696,Chocolate Chunk Cookie
4697,Clam Chowder (8 oz)
4698,Creamy Chicken and Dumplings (8 oz)
4699,Creamy Wild and Brown Rice (8 oz)
4700,Double Chicken Salad
4701,Double Chocolate Cookie
4702,Egg & Cheese 3″ Flatbread
4703,Egg (White) & Cheese 3″ Flatbread
4704,Egg White with Cheese and Avocado 3″ Flatbread
4705,Egg White with Cheese and Avocado 3″ Flatbread
4706,Fritos® Chicken Enchilada Melt Salad
4707,Gingerbread Cookie
4708,Golden Broccoli and Cheese (8 oz)
4709,Green Chili and Tomato (8 oz)
4710,Loaded Baked Potato (8 oz)
4711,M & M™ Cookie
4712,Minestrone (8 oz)
4713,Oatmeal Raisin Cookie
4714,Oven Roasted Chicken Salad
4715,Peanut Butter Cookie
4716,Pepperoni Flatizza™
4717,Poblano Corn Chowder (8 oz)
4718,Raspberry Cheesecake Cookie
4719,Roast Beef Mini Sub
4720,Roast Beef Salad
4721,Spicy Italian Flatizza™
4722,Spicy Tuna Salad
4723,Sriracha Chicken Melt Salad
4724,Sriracha Steak Melt Salad
4725,Steak & Bacon Melt Salad
4726,"Steak, Egg (White) and Cheese 3″ Flatbread"
4727,"Steak, Egg and Cheese 3″ Flatbread"
4728,Subway Club® Salad
4729,Sugar Cookie
4730,Sunrise Subway Melt® (with Egg White) 3″ Flatbread
4731,Sunrise Subway Melt® 3″ Flatbread
4732,Sweet Onion Chicken Teriyaki Salad
4733,Turkey Breast & Ham Salad
4734,Turkey Breast Mini Sub
4735,Turkey Breast Salad
4736,Turkey Jalapeno Melt Salad
4737,Tuscan Chicken Salad
4738,Vegetable Beef (8 oz)
4739,Veggie Delite® Mini Sub
4740,Veggie Delite® Salad
4741,Veggie Flatizza™
4742,White Macadamia Nut Cookie
4743,1/2 lb.* Cheesy Potato Burrito
4744,1/2 lb.* Combo Burrito
4745,7-Layer Burrito
4746,Bean Burrito
4747,Bean Burrito
4748,Beefy 5-Layer Burrito
4749,Beefy 5-Layer Burrito
4750,Berry Pomegranate Frutista Freeze®
4751,Berry Pomegranate Frutista Freeze® 16 oz
4752,Burrito Supreme® – Beef
4753,Burrito Supreme® – Chicken
4754,Burrito Supreme® – Steak
4755,Caramel Apple Empanada
4756,Caramel Apple Empanada
4757,Chalupa Supreme – Chicken
4758,Chalupa Supreme – Steak
4759,Chalupa Supreme–Beef
4760,Cheese Quesadilla
4761,Cheese Roll-Up
4762,Cheese Roll-Up
4763,Cheesy Fiesta Potatoes
4764,Cheesy Gordita Crunch
4765,Cheesy Nachos
4766,Cheesy Nachos
4767,Cherry Limeade Sparkler 20 oz
4768,Cherry Limeade Sparkler 20 oz
4769,Chicken Quesadilla
4770,Chicken Soft Taco
4771,Chili Cheese Burrito
4772,Chili Cheese Burrito
4773,Cinnamon Twists
4774,Cinnamon Twists
4775,Classic Limeade Sparkler 16 oz
4776,Classic Limeade Sparkler 20 oz
4777,Crispy Potato Soft Taco
4778,Crispy Potato Soft Taco
4779,Crunchwrap Supreme®
4780,Crunchy Taco
4781,Crunchy Taco
4782,Crunchy Taco Supreme®
4783,Doritos® Locos Tacos
4784,Doritos® Locos Tacos Supreme
4785,Double Decker® Taco
4786,DOUBLE DECKER® Taco Supreme®
4787,Enchirito® – Chicken
4788,Enchirito® – Steak
4789,Enchirito® – Beef
4790,Express Taco Salad w/ Chips
4791,Express Taco Salad w/ Chips
4792,Fiesta Taco Salad-Beef
4793,Fiesta Taco Salad-Chicken
4794,Fiesta Taco Salad-Steak
4795,Fresco Bean Burrito
4796,Fresco Bean Burrito
4797,Fresco Burrito Supreme® – Chicken
4798,Fresco Burrito Supreme® – Steak
4799,Fresco Chicken Soft Taco
4800,Fresco Chicken Soft Taco
4801,Fresco Crunchy Taco
4802,Fresco Crunchy Taco
4803,Fresco Grilled Steak Soft Taco
4804,Fresco Soft Taco
4805,Gordita Supreme® – Chicken
4806,Gordita Supreme® – Steak
4807,Gordita Supreme® – Beef
4808,Grilled Chicken Burrito
4809,Grilled Steak Soft Taco
4810,Mango Strawberry Frutista Freeze®
4811,Mango Strawberry Frutista Freeze® 16 oz
4812,Mexican Pizza
4813,Mexican Rice
4814,MexiMelt®
4815,Nachos
4816,Nachos BellGrande®
4817,Nachos Supreme
4818,Pintos n Cheese
4819,Soft Taco Supreme® – Beef
4820,Soft Taco-Beef
4821,Soft Taco-Beef
4822,Steak Quesadilla
4823,Strawberry Frutista Freeze®
4824,Strawberry Frutista Freeze® 16 oz
4825,Tostada
4826,Volcano Burrito
4827,Volcano Nachos
4828,Volcano Nachos
4829,Volcano Taco
4830,XXL Grilled Stuft Burrito – Beef
4831,XXL Grilled Stuft Burrito – Chicken
4832,XXL Grilled Stuft Burrito – Steak
4833,Bacon Egg Burrito
4834,Bacon Egg Quesadilla
4835,Bacon Egg Taco
4836,BC Chicken Fajita Taco With Pico De Gallo (no cheese)
4837,BC Chicken Tortilla Soup- Bowl Without Tortilla Strips and cheese
4838,BC Chicken Tortilla Soup- Cup Without Tortilla Strips and cheese
4839,BC Crispy Beef Taco With Pico De Gallo (no cheese)
4840,BC Crispy Chicken Taco With Pico De Gallo (no cheese)
4841,BC Soft Beef Taco With Pico De Gallo (no cheese)
4842,BC Soft Chicken Taco With Pico De Gallo (no cheese)
4843,BC Steak Fajita Taco With Pico De Gallo (no cheese)
4844,BC Vegetarian Black Bean Burrito Without Sour Cream and cheese
4845,Bean Burrito
4846,Beef Big Ol’ Burrito (B.O.B.™)
4847,Beef Bueno Chilada®
4848,Beef Burrito
4849,Beef Crispy Taco
4850,Beef Muchaco®
4851,Beef Mucho Nachos®
4852,Beef Nacho Salad
4853,Beef Potato Burrito
4854,Beef Quesadilla
4855,Beef Soft Taco
4856,Beef Taco Rollup™
4857,Beef Taco Rollup™
4858,Beef Taco Salad
4859,Black Bean Burrito
4860,Black Beans – Platter Portion
4861,Black Beans – Side Portion
4862,Cheese Nachos
4863,Cheese Quesadilla
4864,Cheesecake Chimichanga
4865,Chicken Big Ol’ Burrito (B.O.B.™)
4866,Chicken Bueno Chilada®
4867,Chicken Crispy Taco
4868,Chicken Muchaco®
4869,Chicken Mucho Nachos®
4870,Chicken Nacho Salad
4871,Chicken Potato Burrito
4872,Chicken Quesadilla
4873,Chicken Soft Taco
4874,Chicken Taco Rollup™
4875,Chicken Taco Rollup™
4876,Chicken Taco Salad
4877,Chicken Tortilla Soup – Bowl
4878,Chicken Tortilla Soup – Cup
4879,Cilantro Lime Rice – Platter Portion
4880,Cilantro Lime Rice – Side Portion
4881,Combination Burrito
4882,Flame-Grilled Chicken Fajita Taco
4883,Flame-Grilled Steak Fajita Taco
4884,Kids Cheese Quesadilla
4885,Kids Cheese Quesadilla
4886,Meat Lovers Burrito
4887,Meat Lovers Taco
4888,Mexican Rice
4889,MexiDips & Chips®
4890,Mini Cheese Quesadilla
4891,Muchaco Without Cheddar Cheese
4892,Muchaco Without Cheddar Cheese
4893,Muchaco Without Refried Beans
4894,Party Burrito®
4895,Party Burrito®
4896,Party Taco®
4897,Party Taco®
4898,Potato Egg Burrito
4899,Potato Egg Taco
4900,Potato Stix
4901,Queso
4902,Refried Beans
4903,Sausage Egg Burrito
4904,Sausage Egg Taco
4905,Small Mexican Rice (Available only with Platters)
4906,Small Refried Beans (Available only with Platters)
4907,Strawberry
4908,Strawberry
4909,Strawberry Smoothie
4910,Tostada
4911,10-piece Chicken Nuggets
4912,10-piece Spicy Chicken Nuggets
4913,4-piece Chicken Nuggets
4914,4-piece Spicy Chicken Nuggets
4915,6-piece Chicken Nuggets
4916,6-piece Spicy Chicken Nuggets
4917,Apple Pecan Chicken Salad
4918,Apple Pecan Chicken Salad Half-Size
4919,Apple Slices
4920,Asiago Ranch Chicken Club
4921,Asian Cashew Chicken Salad
4922,"Asian Cashew Chicken Salad, Half-Size"
4923,Bacon Cheese Potato
4924,Baconator®
4925,BBQ Ranch Chicken Salad
4926,"BBQ Ranch Chicken Salad, Half Size"
4927,Broccoli Cheese Potato
4928,Caesar Side Salad
4929,Chili Cheese Fries
4930,Chocolate Frosty Waffle Cone
4931,Crispy Chicken Caesar Wrap
4932,Crispy Chicken Sandwich
4933,Dave’s Hot ‘N Juicy™ 1/2 lb.* Double
4934,Dave’s Hot ‘N Juicy™ 1/4 lb.* Single
4935,Dave’s Hot ‘N Juicy™ 3/4 lb.* Triple
4936,Double Stack™
4937,Garden Side Salad
4938,Grilled Chicken Go Wrap
4939,Homestyle Chicken Fillet
4940,JBC (Jr. Bacon Cheeseburger)
4941,Jr. Cheeseburger
4942,Jr. Cheeseburger Deluxe
4943,Jr. Hamburger
4944,Jr. Original Chocolate Frosty™
4945,Jr. Original Chocolate Frosty™
4946,Jr. Vanilla Frosty™
4947,Kids’ Cheeseburger
4948,Kids’ French Fries
4949,Kids’ Hamburger
4950,Large Caramel Frosty™ Shake
4951,Large Chili
4952,Large Chocolate Frosty™ Shake
4953,Large French Fries
4954,Large Original Chocolate Frosty™
4955,Large Strawberry Frosty™ Shake
4956,Large Vanilla Frosty™
4957,Medium French Fries
4958,Medium Original Chocolate Frosty™
4959,Medium Vanilla Frosty™
4960,Premium Cod Fillet Sandwich
4961,Small Caramel Frosty™ Shake
4962,Small Chili
4963,Small Chocolate Frosty™ Shake
4964,Small French Fries
4965,Small Original Chocolate Frosty™
4966,Small Strawberry Frosty™ Shake
4967,Small Vanilla Frosty™
4968,Son of Baconator®
4969,Sour Cream and Chive Potato
4970,Spicy Chicken Caesar Salad
4971,Spicy Chicken Caesar Salad Half-Size
4972,Spicy Chicken Go Wrap
4973,Spicy Chicken Sandwich
4974,Ultimate Chicken Grill
4975,Value French Fries
4976,Value French Fries
4977,Vanilla Frosty Waffle Cone
