id,calories,carbs,fat
1,0,0.0,0
2,0,0.0,0
3,0,0.0,0
4,0,0.0,0
5,0,0.0,0
6,0,0.0,0
7,350,60.0,10
8,170,30.0,5
9,170,30.0,5
10,600,92.0,18
11,340,53.0,10
12,260,39.0,8
13,160,43.0,0
14,220,58.0,0
15,270,72.0,0
16,440,116.0,0
17,880,232.0,0
18,1760,464.0,0
19,640,136.0,10
20,350,77.0,5
21,330,70.0,5
22,820,150.0,18
23,480,89.0,10
24,370,68.0,8
25,270,67.0,0
26,370,91.0,0
27,570,142.0,0
28,740,182.0,0
29,480,62.0,27
30,350,45.0,16
31,340,57.0,9
32,1140,54.0,80
33,570,27.0,40
34,350,26.0,22
35,390,50.0,18
36,420,37.0,21
37,190,51.0,0
38,300,79.0,0
39,340,90.0,0
40,530,138.0,0
41,330,83.0,0
42,450,112.0,0
43,570,141.0,0
44,900,224.0,0
45,500,32.0,29
46,190,22.0,6
47,410,52.0,17
48,370,49.0,15
49,490,68.0,30
50,560,92.0,32
51,1010,152.0,59
52,880,125.0,36
53,700,100.0,29
54,320,53.0,8
55,380,28.0,23
56,340,26.0,20
57,280,32.0,13
58,180,20.0,8
59,550,52.0,25
60,340,34.0,19
61,170,2.0,12
62,430,61.0,17
63,310,45.0,12
64,200,28.0,8
65,400,31.0,15
66,380,33.0,19
67,310,23.0,19
68,350,54.0,11
69,330,82.0,0
70,440,110.0,0
71,560,139.0,0
72,890,221.0,0
73,280,69.0,0
74,380,94.0,0
75,480,119.0,0
76,770,188.0,0
77,140,38.0,0
78,210,55.0,0
79,250,66.0,0
80,390,103.0,0
81,710,107.0,25
82,610,137.0,9
83,340,81.0,4
84,320,74.0,4
85,600,142.0,10
86,970,223.0,18
87,450,108.0,8
88,340,56.0,12
89,430,72.0,15
90,650,109.0,21
91,690,107.0,24
92,530,39.0,30
93,760,45.0,45
94,680,44.0,38
95,690,44.0,39
96,470,38.0,25
97,400,85.0,6
98,480,104.0,6
99,750,160.0,10
100,700,103.0,41
101,710,108.0,41
102,1360,203.0,79
103,740,97.0,31
104,390,78.0,6
105,420,86.0,6
106,680,137.0,10
107,230,58.0,0
108,290,75.0,0
109,420,105.0,0
110,560,143.0,0
111,840,113.0,36
112,670,90.0,29
113,360,70.0,6
114,370,74.0,6
115,610,121.0,10
116,300,47.0,8
117,260,41.0,7
118,200,32.0,5
119,900,121.0,39
120,720,97.0,31
121,270,73.0,0
122,360,99.0,0
123,460,124.0,0
124,720,197.0,0
125,390,35.0,21
126,230,2.0,17
127,2375,169.0,162
128,630,33.0,43
129,350,15.0,20
130,1030,54.0,67
131,470,18.0,22
132,180,12.0,15
133,180,12.0,15
134,130,59.0,0
135,1140,49.0,81
136,630,25.0,47
137,1115,92.0,55
138,1705,134.0,86
139,380,25.0,14
140,380,25.0,14
141,970,51.0,60
142,750,50.0,33
143,430,42.0,28
144,420,27.0,32
145,360,20.0,28
146,1030,90.0,48
147,190,21.0,9
148,740,54.0,42
149,1310,176.0,63
150,1160,66.0,69
151,1250,16.0,55
152,1170,67.0,69
153,1110,83.0,55
154,1150,90.0,55
155,750,31.0,45
156,760,35.0,44
157,290,22.0,19
158,340,19.0,26
159,280,12.0,23
160,360,49.0,17
161,850,56.0,42
162,740,45.0,44
163,580,40.0,30
164,1110,67.0,66
165,790,56.0,36
166,220,8.0,19
167,1170,95.0,69
168,500,16.0,42
169,330,14.0,23
170,740,21.0,61
171,380,16.0,24
172,970,60.0,55
173,1130,85.0,87
174,940,52.0,58
175,1270,82.0,82
176,1330,83.0,87
177,1330,83.0,87
178,350,28.0,20
179,1350,111.0,72
180,310,8.0,20
181,850,63.0,62
182,560,45.0,41
183,1440,107.0,82
184,1230,112.0,59
185,1260,118.0,61
186,160,17.0,4
187,110,11.0,3
188,1690,130.0,95
189,1290,90.0,90
190,102,85.0,60
191,1320,107.0,78
192,180,18.0,8
193,140,12.0,7
194,310,10.0,26
195,370,16.0,28
196,550,59.0,33
197,1680,134.0,107
198,960,106.0,53
199,154,210.0,74
200,450,42.0,31
201,350,22.0,24
202,290,16.0,20
203,1150,77.0,67
204,710,8.0,49
205,790,59.0,35
206,720,9.0,49
207,660,25.0,35
208,690,32.0,35
209,140,15.0,9
210,1180,77.0,70
211,1520,208.0,53
212,1290,181.0,56
213,530,63.0,28
214,915,109.0,46
215,1280,133.0,69
216,1345,95.0,72
217,935,88.0,49
218,1160,94.0,67
219,1100,53.0,73
220,1300,77.0,82
221,840,75.0,49
222,590,50.0,36
223,260,16.0,14
224,90,24.0,0
225,380,20.0,27
226,530,26.0,42
227,310,12.0,23
228,980,50.0,79
229,540,23.0,42
230,150,22.0,5
231,390,53.0,18
232,390,53.0,18
233,255,64.0,0
234,690,61.0,29
235,330,38.0,18
236,410,12.0,29
237,180,10.0,5
238,820,25.0,57
239,370,21.0,10
240,590,58.0,24
241,470,30.0,16
242,470,30.0,16
243,370,56.0,4
244,260,20.0,15
245,620,33.0,44
246,460,12.0,35
247,1010,63.0,69
248,680,20.0,51
249,460,13.0,34
250,230,11.0,10
251,910,25.0,68
252,460,21.0,21
253,790,50.0,46
254,1570,108.0,106
255,860,63.0,58
256,1000,87.0,42
257,350,43.0,18
258,120,9.0,8
259,310,0.0,13
260,250,0.0,12
261,140,0.0,7
262,70,17.0,0
263,50,27.0,0
264,220,5.0,22
265,550,44.0,31
266,240,11.0,14
267,215,36.0,4
268,260,28.0,14
269,230,16.0,14
270,80,20.0,0
271,610,51.0,36
272,630,54.0,36
273,230,23.0,5
274,330,31.0,18
275,350,45.0,18
276,300,45.0,9
277,130,14.0,4
278,430,24.0,30
279,740,47.0,46
280,390,23.0,27
281,660,46.0,40
282,70,17.0,0
283,780,97.0,41
284,360,43.0,19
285,360,60.0,7
286,30,4.0,0
287,260,31.0,14
288,70,19.0,0
289,230,24.0,14
290,330,49.0,14
291,500,42.0,35
292,550,41.0,42
293,1100,115.0,63
294,800,67.0,30
295,940,84.0,48
296,1930,121.0,138
297,480,1.0,24
298,730,98.0,17
299,1160,121.0,60
300,420,25.0,29
301,670,42.0,49
302,340,25.0,20
303,1340,85.0,98
304,680,50.0,41
305,430,36.0,21
306,680,55.0,40
307,340,38.0,9
308,1290,92.0,79
309,590,58.0,19
310,820,72.0,48
311,580,53.0,31
312,1350,114.0,80
313,880,76.0,46
314,1130,70.0,67
315,820,68.0,41
316,1090,66.0,103
317,970,81.0,60
318,1520,116.0,90
319,1240,44.0,103
320,1330,114.0,82
321,1440,118.0,89
322,290,48.0,6
323,670,3.0,47
324,1295,103.0,73
325,160,28.0,2
326,120,12.0,4
327,640,47.0,35
328,620,41.0,36
329,660,46.0,33
330,440,68.0,17
331,80,21.0,0
332,390,39.0,16
333,15,3.0,0
334,520,43.0,26
335,450,34.0,26
336,450,43.0,21
337,680,46.0,37
338,550,43.0,28
339,10,1.0,1
340,80,21.0,0
341,440,67.0,17
342,600,53.0,28
343,470,43.0,19
344,350,39.0,15
345,620,51.0,30
346,490,40.0,21
347,420,54.0,21
348,570,98.0,15
349,450,75.0,12
350,510,67.0,25
351,430,30.0,24
352,250,11.0,13
353,70,4.0,5
354,590,47.0,37
355,500,53.0,21
356,370,42.0,12
357,270,33.0,14
358,710,87.0,37
359,600,74.0,31
360,450,55.0,24
361,270,33.0,14
362,430,42.0,19
363,450,51.0,17
364,300,37.0,8
365,270,22.0,14
366,480,46.0,20
367,240,35.0,10
368,610,86.0,26
369,480,69.0,21
370,360,52.0,16
371,140,5.0,13
372,50,3.0,5
373,300,31.0,17
374,470,49.0,27
375,460,85.0,15
376,630,115.0,20
377,570,97.0,15
378,440,75.0,12
379,340,33.0,17
380,350,60.0,9
381,270,25.0,14
382,210,26.0,6
383,350,60.0,9
384,210,24.0,8
385,210,24.0,8
386,290,45.0,9
387,350,32.0,21
388,570,51.0,34
389,440,39.0,23
390,660,59.0,34
391,300,36.0,15
392,260,28.0,15
393,260,28.0,15
394,390,42.0,23
395,510,57.0,30
396,360,31.0,17
397,610,52.0,28
398,240,21.0,11
399,160,2.0,16
400,700,64.0,32
401,360,37.0,14
402,610,46.0,29
403,470,38.0,22
404,460,41.0,18
405,710,78.0,28
406,500,42.0,24
407,810,78.0,36
408,600,42.0,32
409,460,33.0,31
410,460,45.0,26
411,740,45.0,47
412,520,46.0,28
413,590,60.0,23
414,460,56.0,24
415,440,44.0,20
416,45,11.0,0
417,480,47.0,21
418,480,74.0,15
419,380,60.0,12
420,750,57.0,38
421,620,67.0,35
422,420,65.0,15
423,460,67.0,18
424,330,68.0,2
425,390,53.0,11
426,920,76.0,50
427,290,39.0,9
428,80,14.0,1
429,330,60.0,4
430,490,52.0,21
431,330,23.0,19
432,230,23.0,13
433,330,35.0,18
434,610,63.0,36
435,420,39.0,26
436,500,6.0,10
437,320,52.0,5
438,540,71.0,24
439,530,83.0,18
440,610,34.0,38
441,780,59.0,41
442,320,41.0,15
443,250,31.0,12
444,250,14.0,17
445,150,7.0,9
446,930,98.0,50
447,660,57.0,43
448,680,53.0,49
449,360,41.0,19
450,490,66.0,22
451,190,24.0,6
452,670,80.0,19
453,910,89.0,34
454,430,13.0,34
455,840,95.0,33
456,710,80.0,26
457,440,42.0,19
458,450,29.0,29
459,170,6.0,15
460,640,83.0,31
461,390,51.0,19
462,430,58.0,21
463,560,68.0,28
464,410,56.0,19
465,410,60.0,17
466,240,22.0,10
467,270,55.0,2
468,330,67.0,2
469,270,55.0,1
470,270,50.0,4
471,640,91.0,26
472,290,33.0,10
473,130,15.0,1
474,440,46.0,26
475,460,73.0,19
476,650,80.0,19
477,450,73.0,19
478,440,52.0,17
479,350,66.0,3
480,860,83.0,35
481,460,6.0,34
482,530,46.0,23
483,90,19.0,0
484,330,37.0,17
485,110,23.0,0
486,80,11.0,2
487,160,34.0,0
488,640,121.0,11
489,290,26.0,10
490,90,16.0,0
491,560,74.0,26
492,240,15.0,16
493,500,3.0,35
494,500,54.0,18
495,400,17.0,34
496,410,64.0,5
497,190,14.0,14
498,140,28.0,1
499,90,13.0,2
500,570,84.0,16
501,520,65.0,26
502,300,44.0,7
503,390,46.0,15
504,550,89.0,15
505,470,69.0,11
506,230,48.0,2
507,240,51.0,2
508,200,43.0,2
509,480,43.0,22
510,620,79.0,30
511,410,53.0,20
512,420,31.0,21
513,420,39.0,15
514,650,32.0,40
515,190,16.0,9
516,120,22.0,2
517,660,59.0,29
518,370,59.0,14
519,180,2.0,17
520,430,78.0,8
521,440,42.0,37
522,860,72.0,59
523,610,54.0,41
524,980,180.0,13
525,970,79.0,43
526,340,44.0,10
527,300,60.0,1
528,570,52.0,36
529,190,1.0,19
530,340,62.0,5
531,110,22.0,1
532,510,50.0,31
533,530,83.0,20
534,430,63.0,18
535,440,63.0,18
536,100,8.0,8
537,90,18.0,1
538,560,40.0,29
539,750,53.0,43
540,190,1.0,13
541,390,63.0,9
542,410,45.0,24
543,90,18.0,0
544,140,28.0,0
545,390,80.0,1
546,470,5.0,35
547,560,66.0,30
548,1100,6.0,85
549,460,59.0,23
550,360,3.0,27
551,290,18.0,23
552,630,57.0,33
553,960,62.0,56
554,710,81.0,24
555,370,50.0,6
556,180,7.0,15
557,500,52.0,25
558,270,54.0,1
559,470,52.0,26
560,460,46.0,22
561,260,52.0,1
562,290,24.0,15
563,940,65.0,54
564,940,65.0,54
565,5300,327.0,324
566,2230,228.0,92
567,1380,77.0,80
568,1380,77.0,80
569,1095,75.0,67
570,1095,75.0,67
571,1100,74.0,69
572,1100,74.0,69
573,680,69.0,34
574,840,66.0,54
575,8820,545.0,540
576,1470,86.0,95
577,1470,86.0,95
578,1090,83.0,67
579,1090,83.0,67
580,3534,218.0,216
581,550,35.0,37
582,375,55.0,15
583,230,24.0,14
584,350,35.0,22
585,580,59.0,36
586,110,20.0,0
587,380,70.0,1
588,165,24.0,6
589,570,83.0,20
590,440,12.0,26
591,515,45.0,28
592,640,44.0,39
593,495,43.0,27
594,730,62.0,43
595,460,33.0,18
596,270,36.0,12
597,0,0.0,0
598,0,0.0,0
599,255,18.0,20
600,870,61.0,68
601,480,34.0,29
602,355,33.0,18
603,515,35.0,34
604,190,9.0,9
605,390,43.0,20
606,35,7.0,0
607,120,24.0,0
608,520,34.0,27
609,305,11.0,11
610,375,33.0,15
611,230,9.0,15
612,735,86.0,35
613,240,33.0,7
614,911,114.0,24
615,150,21.0,6
616,555,77.0,23
617,230,47.0,2
618,280,33.0,14
619,280,9.0,11
620,545,34.0,38
621,420,33.0,27
622,215,20.0,14
623,300,27.0,20
624,530,49.0,35
625,555,44.0,35
626,90,8.0,3
627,70,18.0,0
628,100,25.0,0
629,150,37.0,0
630,410,48.0,23
631,370,12.0,26
632,0,0.0,0
633,0,0.0,0
634,0,0.0,0
635,200,10.0,13
636,587,59.0,29
637,880,88.0,44
638,90,22.0,0
639,860,44.0,57
640,1347,103.0,77
641,900,53.0,56
642,770,44.0,51
643,60,2.0,5
644,88,3.0,6
645,1480,68.0,98
646,288,0.0,20
647,170,15.0,11
648,908,56.0,49
649,514,93.0,9
650,734,95.0,27
651,257,47.0,5
652,257,47.0,5
653,367,48.0,14
654,800,60.0,49
655,1020,97.0,59
656,80,12.0,3
657,780,44.0,51
658,1559,98.0,92
659,490,10.0,27
660,560,68.0,15
661,800,70.0,35
662,990,74.0,68
663,1040,125.0,46
664,1120,110.0,62
665,510,44.0,32
666,920,100.0,48
667,880,49.0,57
668,500,46.0,30
669,820,127.0,33
670,170,6.0,15
671,550,22.0,22
672,630,78.0,25
673,590,105.0,18
674,8,1.0,0
675,280,42.0,10
676,280,42.0,10
677,560,84.0,20
678,280,42.0,10
679,280,42.0,10
680,280,42.0,10
681,420,28.0,30
682,250,63.0,5
683,660,23.0,39
684,380,44.0,9
685,640,20.0,38
686,470,50.0,7
687,70,18.0,0
688,890,51.0,57
689,530,42.0,18
690,813,71.0,32
691,773,87.0,38
692,80,6.0,6
693,50,2.0,4
694,40,6.0,2
695,530,56.0,10
696,400,20.0,26
697,210,33.0,8
698,380,49.0,13
699,80,20.0,0
700,40,2.0,4
701,50,2.0,5
702,713,49.0,24
703,357,25.0,12
704,560,52.0,22
705,130,17.0,6
706,260,34.0,12
707,43,6.0,2
708,600,68.0,14
709,460,47.0,28
710,1100,130.0,55
711,460,52.0,26
712,460,52.0,26
713,120,2.0,12
714,863,55.0,44
715,90,2.0,9
716,820,70.0,36
717,560,79.0,28
718,780,81.0,46
719,280,40.0,14
720,280,40.0,14
721,390,41.0,23
722,570,61.0,25
723,1167,105.0,51
724,862,92.0,40
725,1960,88.0,126
726,1860,112.0,118
727,2380,88.0,158
728,1480,84.0,92
729,1860,74.0,124
730,360,44.0,18
731,210,14.0,15
732,210,14.0,15
733,490,73.0,7
734,50,4.0,4
735,40,8.0,0
736,70,14.0,0
737,1520,128.0,76
738,250,23.0,15
739,250,23.0,15
740,384,1.0,28
741,960,108.0,52
742,1120,108.0,52
743,50,4.0,4
744,72,0.0,5
745,730,49.0,47
746,330,28.0,16
747,420,34.0,25
748,400,39.0,20
749,680,76.0,35
750,650,50.0,38
751,470,33.0,26
752,590,57.0,31
753,410,53.0,12
754,420,30.0,26
755,410,27.0,27
756,400,39.0,23
757,410,44.0,16
758,450,44.0,20
759,320,43.0,7
760,500,32.0,29
761,250,16.0,15
762,380,24.0,22
763,500,28.0,31
764,25,6.0,0
765,240,23.0,11
766,800,30.0,55
767,380,28.0,22
768,650,29.0,43
769,770,41.0,50
770,290,24.0,14
771,540,17.0,42
772,300,24.0,16
773,320,29.0,17
774,440,25.0,29
775,480,41.0,23
776,810,57.0,54
777,1310,134.0,72
778,530,89.0,17
779,280,52.0,6
780,300,28.0,14
781,380,28.0,24
782,950,50.0,55
783,190,10.0,11
784,290,15.0,17
785,380,20.0,22
786,440,35.0,28
787,330,47.0,15
788,280,50.0,7
789,420,81.0,8
790,690,121.0,18
791,900,163.0,21
792,400,52.0,18
793,810,78.0,42
794,360,26.0,19
795,320,26.0,16
796,350,27.0,17
797,380,26.0,24
798,490,27.0,31
799,490,29.0,29
800,450,29.0,26
801,440,27.0,25
802,440,28.0,24
803,570,28.0,35
804,570,28.0,37
805,700,29.0,49
806,360,28.0,18
807,900,51.0,57
808,740,51.0,39
809,990,53.0,65
810,830,53.0,47
811,320,46.0,14
812,760,44.0,44
813,110,31.0,0
814,140,40.0,0
815,540,69.0,27
816,440,56.0,22
817,340,44.0,17
818,220,28.0,11
819,230,29.0,11
820,380,49.0,18
821,550,79.0,22
822,670,80.0,33
823,130,6.0,8
824,60,9.0,2
825,420,33.0,22
826,260,28.0,10
827,670,65.0,44
828,500,48.0,33
829,250,24.0,16
830,300,31.0,18
831,520,50.0,22
832,210,4.0,21
833,60,15.0,0
834,270,15.0,23
835,120,5.0,11
836,190,2.0,20
837,45,10.0,0
838,390,57.0,15
839,450,76.0,13
840,50,13.0,0
841,280,24.0,15
842,530,52.0,23
843,310,46.0,13
844,490,57.0,26
845,400,47.0,21
846,310,36.0,17
847,150,17.0,8
848,440,77.0,12
849,690,48.0,43
850,630,46.0,39
851,420,46.0,16
852,670,78.0,34
853,500,77.0,19
854,280,54.0,5
855,270,55.0,4
856,140,23.0,3
857,350,37.0,17
858,420,32.0,27
859,570,34.0,37
860,700,56.0,42
861,810,57.0,53
862,160,3.0,12
863,90,12.0,3
864,40,2.0,2
865,160,27.0,4
866,140,23.0,4
867,460,34.0,30
868,300,35.0,12
869,360,32.0,19
870,360,66.0,7
871,610,102.0,17
872,780,134.0,20
873,190,35.0,4
874,300,35.0,16
875,330,18.0,23
876,470,26.0,26
877,750,58.0,45
878,540,57.0,21
879,470,40.0,18
880,360,40.0,7
881,290,8.0,12
882,1040,50.0,69
883,1270,50.0,86
884,800,50.0,51
885,1140,51.0,75
886,980,51.0,57
887,1230,53.0,82
888,1070,53.0,64
889,90,22.0,0
890,400,75.0,7
891,660,114.0,17
892,850,152.0,20
893,340,44.0,18
894,340,28.0,19
895,260,28.0,10
896,380,29.0,23
897,300,660.0,14
898,670,51.0,40
899,510,51.0,23
900,760,53.0,47
901,600,53.0,30
902,770,64.0,47
903,240,54.0,0
904,182,8.0,12
905,460,51.0,21
906,267,33.0,10
907,150,21.0,6
908,40,5.0,1
909,105,6.0,6
910,220,16.0,12
911,410,35.0,27
912,430,45.0,26
913,680,69.0,33
914,170,11.0,10
915,300,49.0,11
916,744,63.0,41
917,25,6.0,0
918,321,27.0,19
919,170,13.0,12
920,190,37.0,2
921,195,14.0,10
922,174,12.0,11
923,160,11.0,12
924,310,38.0,15
925,207,18.0,10
926,213,12.0,13
927,230,23.0,14
928,60,13.0,0
929,642,56.0,38
930,60,10.0,2
931,200,18.0,13
932,155,20.0,7
933,160,17.0,7
934,320,31.0,18
935,470,56.0,26
936,320,43.0,14
937,154,0.0,6
938,170,25.0,7
939,120,5.0,10
940,28,0.0,0
941,160,35.0,1
942,130,1.0,3
943,50,0.0,0
944,14,2.0,0
945,100,9.0,5
946,100,25.0,0
947,100,1.0,10
948,1008,81.0,50
949,140,1.0,1
950,177,8.0,1
951,520,48.0,18
952,560,,32
953,460,,26
954,440,,19
955,440,,18
956,500,,23
957,460,,19
958,750,,44
959,490,,18
960,440,,22
961,810,,42
962,360,,23
963,700,,37
964,610,,25
965,390,,7
966,580,,29
967,640,,36
968,170,,10
969,260,,16
970,390,,23
971,820,,46
972,300,,17
973,620,,36
974,300,,12
975,370,,19
976,760,,35
977,690,,34
978,320,,11
979,540,,25
980,910,,42
981,450,,29
982,10,,0
983,1000,,54
984,680,,39
985,710,,38
986,320,,15
987,460,,21
988,5,,0
989,5,,0
990,10,,0
991,10,,0
992,330,,18
993,880,,53
994,860,,44
995,60,,5
996,490,,21
997,450,,23
998,650,,33
999,560,,31
1000,560,,31
1001,560,,31
1002,340,,19
1003,560,,31
1004,190,,8
1005,240,,14
1006,200,,10
1007,350,,23
1008,320,,18
1009,550,,23
1010,490,,18
1011,220,,12
1012,780,,48
1013,290,,13
1014,740,,50
1015,210,,11
1016,240,,12
1017,470,,23
1018,430,,21
1019,310,,15
1020,530,,28
1021,790,,39
1022,720,,38
1023,270,,9
1024,750,,34
1025,360,,18
1026,380,,18
1027,470,,20
1028,500,,22
1029,10,,0
1030,540,,15
1031,210,,6
1032,570,,37
1033,120,,5
1034,200,,8
1035,250,,13
1036,210,,9
1037,50,,3
1038,450,,21
1039,300,,19
1040,460,,26
1041,650,,36
1042,380,,13
1043,760,,35
1044,690,,34
1045,290,,16
1046,590,,44
1047,900,,47
1048,1040,,60
1049,930,,50
1050,940,,59
1051,290,,13
1052,780,,44
1053,920,,57
1054,810,,46
1055,630,,29
1056,470,,14
1057,930,,58
1058,800,,27
1059,830,,30
1060,1060,,72
1061,570,,43
1062,910,,54
1063,880,,53
1064,1030,,55
1065,490,,23
1066,770,,35
1067,700,,34
1068,740,,34
1069,160,30.0,4
1070,200,27.0,9
1071,334,17.0,20
1072,635,53.0,32
1073,410,8.0,32
1074,540,54.0,26
1075,581,68.0,19
1076,208,14.0,7
1077,553,55.0,30
1078,523,55.0,30
1079,570,53.0,24
1080,526,58.0,16
1081,500,53.0,15
1082,570,54.0,18
1083,522,58.0,15
1084,213,12.0,7
1085,470,54.0,17
1086,58,9.0,2
1087,198,10.0,7
1088,208,10.0,10
1089,410,10.0,25
1090,540,55.0,19
1091,585,53.0,25
1092,200,10.0,12
1093,226,25.0,12
1094,634,50.0,55
1095,521,57.0,18
1096,521,56.0,18
1097,517,57.0,15
1098,517,60.0,15
1099,471,56.0,14
1100,527,57.0,18
1101,449,62.0,15
1102,530,51.0,25
1103,453,41.0,25
1104,474,8.0,35
1105,604,54.0,29
1106,640,54.0,30
1107,620,55.0,25
1108,470,53.0,11
1109,160,2.0,12
1110,560,54.0,23
1111,598,57.0,32
1112,358,13.0,24
1113,520,13.0,25
1114,5,0.0,0
1115,460,43.0,24
1116,780,131.0,24
1117,260,40.0,12
1118,220,22.0,6
1119,410,37.0,12
1120,410,50.0,12
1121,180,11.0,6
1122,290,36.0,4
1123,370,41.0,14
1124,310,22.0,23
1125,440,47.0,20
1126,20,6.0,0
1127,360,58.0,13
1128,230,61.0,0
1129,450,50.0,20
1130,360,17.0,17
1131,460,26.0,22
1132,450,43.0,20
1133,460,47.0,15
1134,350,9.0,22
1135,490,55.0,19
1136,430,38.0,17
1137,230,26.0,5
1138,490,49.0,20
1139,600,90.0,23
1140,25,7.0,0
1141,430,63.0,17
1142,360,19.0,31
1143,570,81.0,26
1144,490,41.0,22
1145,70,17.0,0
1146,390,53.0,18
1147,270,25.0,18
1148,140,19.0,4
1149,130,32.0,0
1150,0,0.0,0
1151,290,50.0,7
1152,45,12.0,0
1153,280,44.0,11
1154,400,17.0,18
1155,310,41.0,14
1156,80,3.0,8
1157,510,40.0,29
1158,680,43.0,47
1159,70,5.0,4
1160,240,18.0,9
1161,410,48.0,12
1162,480,44.0,20
1163,570,46.0,27
1164,610,93.0,23
1165,550,75.0,23
1166,390,47.0,21
1167,230,44.0,3
1168,240,47.0,4
1169,290,53.0,6
1170,110,7.0,6
1171,220,15.0,12
1172,290,48.0,7
1173,80,2.0,4
1174,150,4.0,8
1175,90,0.0,7
1176,1570,138.0,90
1177,80,4.0,7
1178,1650,96.0,107
1179,1070,78.0,67
1180,1680,98.0,111
1181,1670,172.0,85
1182,50,12.0,0
1183,390,27.0,14
1184,970,80.0,58
1185,2120,163.0,133
1186,200,25.0,2
1187,100,18.0,1
1188,990,48.0,68
1189,1490,94.0,88
1190,1020,125.0,51
1191,230,16.0,15
1192,110,8.0,7
1193,1290,195.0,61
1194,1410,143.0,68
1195,1500,124.0,76
1196,870,71.0,44
1197,1480,125.0,81
1198,740,73.0,38
1199,1490,147.0,76
1200,610,65.0,25
1201,620,66.0,31
1202,70,1.0,6
1203,80,0.0,7
1204,80,0.0,6
1205,80,1.0,6
1206,710,68.0,42
1207,200,21.0,7
1208,100,11.0,4
1209,650,26.0,44
1210,1260,120.0,60
1211,1350,129.0,68
1212,400,23.0,25
1213,400,23.0,25
1214,200,11.0,13
1215,360,24.0,10
1216,360,17.0,20
1217,180,9.0,10
1218,1250,163.0,64
1219,280,48.0,11
1220,1570,125.0,91
1221,1440,81.0,97
1222,980,55.0,67
1223,1720,86.0,108
1224,1170,59.0,74
1225,1670,83.0,103
1226,1140,57.0,71
1227,1010,59.0,60
1228,360,7.0,18
1229,1340,138.0,64
1230,690,69.0,34
1231,710,22.0,52
1232,240,15.0,20
1233,1270,120.0,71
1234,1210,125.0,57
1235,1630,171.0,78
1236,1660,196.0,76
1237,1050,71.0,81
1238,1500,174.0,68
1239,190,3.0,19
1240,140,3.0,14
1241,240,1.0,26
1242,250,6.0,25
1243,200,13.0,17
1244,200,1.0,22
1245,70,11.0,0
1246,80,9.0,5
1247,180,2.0,19
1248,730,70.0,38
1249,530,30.0,20
1250,1400,151.0,84
1251,1570,57.0,116
1252,660,54.0,35
1253,270,25.0,12
1254,990,108.0,52
1255,690,92.0,33
1256,370,20.0,9
1257,610,78.0,13
1258,480,37.0,17
1259,680,80.0,25
1260,30,4.0,2
1261,1280,121.0,63
1262,1360,137.0,71
1263,680,68.0,36
1264,310,1.0,15
1265,580,38.0,28
1266,45,3.0,4
1267,760,14.0,49
1268,380,61.0,13
1269,140,34.0,0
1270,1610,139.0,103
1271,180,15.0,11
1272,2210,136.0,144
1273,210,11.0,15
1274,410,22.0,30
1275,390,28.0,25
1276,90,7.0,5
1277,550,62.0,14
1278,260,15.0,7
1279,280,31.0,15
1280,1990,137.0,111
1281,1080,82.0,57
1282,1020,144.0,46
1283,890,51.0,48
1284,530,13.0,27
1285,1540,126.0,88
1286,1310,128.0,65
1287,2170,137.0,123
1288,1140,75.0,63
1289,430,12.0,33
1290,570,67.0,24
1291,470,42.0,24
1292,460,61.0,22
1293,270,31.0,14
1294,380,19.0,22
1295,530,30.0,42
1296,160,2.0,4
1297,230,21.0,5
1298,340,21.0,15
1299,330,23.0,18
1300,400,24.0,24
1301,500,69.0,18
1302,80,10.0,5
1303,280,48.0,11
1304,150,32.0,2
1305,190,30.0,7
1306,130,22.0,2
1307,35,8.0,0
1308,120,14.0,7
1309,35,9.0,0
1310,190,30.0,7
1311,130,14.0,8
1312,30,6.0,0
1313,1400,90.0,89
1314,480,6.0,50
1315,190,30.0,7
1316,50,8.0,0
1317,1320,126.0,73
1318,1680,166.0,87
1319,2310,168.0,123
1320,1200,91.0,63
1321,1710,147.0,101
1322,60,2.0,6
1323,2290,163.0,139
1324,630,68.0,33
1325,780,81.0,41
1326,150,4.0,8
1327,1010,115.0,45
1328,80,6.0,6
1329,450,31.0,36
1330,230,16.0,18
1331,200,32.0,7
1332,1350,72.0,94
1333,1260,67.0,89
1334,2120,117.0,144
1335,1960,109.0,136
1336,850,51.0,58
1337,810,43.0,54
1338,340,21.0,15
1339,390,33.0,21
1340,1290,128.0,77
1341,560,54.0,32
1342,480,5.0,41
1343,360,62.0,9
1344,690,7.0,53
1345,170,2.0,7
1346,60,1.0,2
1347,120,23.0,1
1348,80,14.0,0
1349,40,8.0,0
1350,190,1.0,8
1351,60,0.0,2
1352,100,0.0,8
1353,100,0.0,8
1354,35,0.0,3
1355,190,1.0,6
1356,60,0.0,2
1357,570,73.0,27
1358,140,18.0,7
1359,130,23.0,3
1360,110,19.0,2
1361,40,8.0,1
1362,60,9.0,2
1363,60,9.0,2
1364,20,4.0,0
1365,5,1.0,0
1366,290,44.0,9
1367,90,13.0,2
1368,90,13.0,2
1369,20,4.0,0
1370,5,1.0,0
1371,15,3.0,0
1372,5,1.0,0
1373,150,8.0,13
1374,50,3.0,4
1375,120,22.0,1
1376,80,14.0,0
1377,40,7.0,0
1378,40,8.0,1
1379,15,3.0,0
1380,80,15.0,1
1381,25,5.0,0
1382,10,2.0,0
1383,5,1.0,0
1384,5,1.0,0
1385,60,13.0,0
1386,60,13.0,0
1387,120,2.0,10
1388,40,1.0,3
1389,190,2.0,6
1390,60,1.0,2
1391,260,12.0,24
1392,220,35.0,8
1393,95,18.0,5
1394,80,15.0,5
1395,130,16.0,7
1396,470,36.0,28
1397,500,48.0,26
1398,150,15.0,10
1399,35,7.0,0
1400,140,24.0,3
1401,740,63.0,38
1402,190,14.0,10
1403,140,19.0,6
1404,35,7.0,0
1405,240,28.0,12
1406,160,20.0,8
1407,5,1.0,0
1408,840,54.0,42
1409,190,24.0,7
1410,110,21.0,2
1411,160,13.0,7
1412,170,17.0,11
1413,200,3.0,11
1414,360,35.0,18
1415,110,3.0,6
1416,330,8.0,23
1417,300,7.0,18
1418,140,37.0,12
1419,280,24.0,12
1420,450,50.0,16
1421,320,12.0,20
1422,360,35.0,18
1423,180,8.0,11
1424,550,50.0,27
1425,140,7.0,7
1426,480,20.0,35
1427,430,17.0,27
1428,500,95.0,14
1429,250,30.0,12
1430,360,90.0,0
1431,270,68.0,0
1432,190,48.0,0
1433,120,6.0,6
1434,0,0.0,0
1435,0,0.0,0
1436,0,0.0,0
1437,330,72.0,2
1438,5,0.0,0
1439,40,1.0,4
1440,190,2.0,11
1441,350,3.0,27
1442,190,6.0,3
1443,350,7.0,20
1444,470,470.0,470
1445,550,39.0,32
1446,410,8.0,29
1447,580,10.0,46
1448,240,23.0,15
1449,140,12.0,8
1450,90,8.0,5
1451,270,33.0,8
1452,530,63.0,16
1453,280,4.0,20
1454,150,2.0,10
1455,30,7.0,0
1456,110,110.0,110
1457,850,138.0,28
1458,1030,154.0,39
1459,1040,140.0,39
1460,1200,141.0,55
1461,1030,158.0,31
1462,1040,144.0,31
1463,1200,145.0,48
1464,150,15.0,9
1465,110,27.0,0
1466,620,81.0,30
1467,530,67.0,26
1468,590,44.0,28
1469,390,29.0,18
1470,340,73.0,2
1471,510,70.0,22
1472,140,140.0,140
1473,330,46.0,13
1474,1320,160.0,51
1475,230,8.0,20
1476,360,12.0,31
1477,710,21.0,63
1478,230,8.0,20
1479,420,13.0,32
1480,820,23.0,65
1481,305,32.0,13
1482,610,64.0,26
1483,60,9.0,0
1484,90,12.0,0
1485,120,17.0,0
1486,100,8.0,5
1487,140,11.0,7
1488,190,15.0,10
1489,320,63.0,2
1490,410,84.0,2
1491,540,111.0,2
1492,380,61.0,11
1493,490,81.0,13
1494,650,108.0,17
1495,125,17.0,0
1496,170,23.0,0
1497,210,29.0,0
1498,200,15.0,11
1499,270,20.0,15
1500,340,25.0,18
1501,190,10.0,14
1502,550,28.0,41
1503,370,19.0,28
1504,460,460.0,460
1505,540,38.0,24
1506,110,110.0,110
1507,680,62.0,33
1508,340,37.0,12
1509,1190,99.0,62
1510,680,74.0,24
1511,370,35.0,14
1512,740,70.0,28
1513,580,70.0,30
1514,300,46.0,113
1515,530,62.0,28
1516,760,84.0,44
1517,400,18.0,28
1518,790,33.0,57
1519,360,65.0,6
1520,770,108.0,34
1521,650,90.0,30
1522,250,24.0,16
1523,220,32.0,7
1524,2540,389.0,87
1525,330,72.0,2
1526,650,96.0,24
1527,380,39.0,18
1528,760,78.0,37
1529,365,36.0,15
1530,730,71.0,31
1531,80,16.0,0
1532,1040,213.0,3
1533,0,0.0,0
1534,1040,213.0,3
1535,170,33.0,1
1536,4220,862.0,16
1537,110,22.0,0
1538,2600,532.0,8
1539,590,53.0,37
1540,340,39.0,16
1541,360,22.0,21
1542,240,15.0,14
1543,310,40.0,11
1544,620,79.0,21
1545,340,5.0,27
1546,230,3.0,19
1547,330,69.0,2
1548,250,12.0,11
1549,410,13.0,27
1550,110,19.0,1
1551,1040,190.0,15
1552,110,19.0,1
1553,350,91.0,0
1554,700,182.0,0
1555,320,83.0,0
1556,640,166.0,0
1557,290,75.0,0
1558,580,150.0,0
1559,590,86.0,28
1560,110,16.0,4
1561,40,11.0,0
1562,90,9.0,4
1563,60,6.0,3
1564,370,36.0,13
1565,740,72.0,27
1566,290,21.0,17
1567,540,42.0,30
1568,340,35.0,11
1569,680,70.0,22
1570,320,37.0,14
1571,330,37.0,13
1572,640,73.0,26
1573,410,410.0,410
1574,490,490.0,490
1575,340,43.0,10
1576,680,85.0,20
1577,165,21.0,4
1578,330,42.0,9
1579,205,30.0,3
1580,410,60.0,7
1581,170,30.0,2
1582,2080,401.0,15
1583,60,10.0,0
1584,430,36.0,25
1585,760,72.0,45
1586,500,37.0,26
1587,870,74.0,47
1588,170,170.0,170
1589,150,22.0,2
1590,110,13.0,2
1591,0,0.0,0
1592,0,0.0,0
1593,320,64.0,6
1594,640,128.0,12
1595,100,9.0,4
1596,280,26.0,13
1597,190,18.0,8
1598,80,20.0,0
1599,90,21.0,0
1600,380,22.0,24
1601,380,39.0,17
1602,320,22.0,19
1603,320,39.0,12
1604,120,16.0,0
1605,160,22.0,0
1606,190,26.0,0
1607,190,15.0,10
1608,250,19.0,13
1609,300,23.0,16
1610,590,90.0,24
1611,480,64.0,22
1612,210,12.0,14
1613,410,23.0,28
1614,630,36.0,43
1615,350,48.0,11
1616,730,80.0,44
1617,220,13.0,17
1618,420,26.0,33
1619,120,9.0,8
1620,120,9.0,8
1621,30,1.0,2
1622,70,9.0,2
1623,210,28.0,6
1624,140,19.0,4
1625,240,37.0,2
1626,480,75.0,4
1627,250,24.0,13
1628,500,48.0,25
1629,255,35.0,4
1630,510,70.0,8
1631,250,32.0,4
1632,500,65.0,8
1633,205,23.0,6
1634,410,46.0,11
1635,320,33.0,13
1636,640,66.0,25
1637,1000,40.0,74
1638,800,44.0,51
1639,630,44.0,37
1640,540,44.0,30
1641,570,39.0,35
1642,90,23.0,0
1643,550,108.0,9
1644,420,82.0,7
1645,330,65.0,6
1646,610,107.0,15
1647,470,80.0,12
1648,380,65.0,10
1649,350,70.0,0
1650,260,53.0,0
1651,210,41.0,0
1652,380,26.0,24
1653,110,29.0,0
1654,1090,168.0,38
1655,770,117.0,28
1656,370,57.0,13
1657,570,85.0,21
1658,25,6.0,0
1659,520,94.0,14
1660,780,129.0,23
1661,570,93.0,17
1662,290,49.0,8
1663,440,71.0,14
1664,350,40.0,14
1665,310,41.0,9
1666,730,64.0,47
1667,250,36.0,9
1668,130,17.0,6
1669,460,44.0,28
1670,990,151.0,35
1671,740,114.0,26
1672,470,71.0,16
1673,110,18.0,4
1674,340,52.0,12
1675,210,24.0,11
1676,710,106.0,23
1677,570,84.0,19
1678,450,65.0,16
1679,690,107.0,23
1680,650,103.0,20
1681,520,82.0,16
1682,90,20.0,1
1683,550,0.0,45
1684,400,34.0,18
1685,100,10.0,6
1686,210,24.0,12
1687,80,21.0,0
1688,1030,105.0,53
1689,1260,121.0,66
1690,1160,110.0,60
1691,220,15.0,12
1692,710,881.0,24
1693,470,54.0,16
1694,380,23.0,24
1695,1020,116.0,51
1696,330,24.0,20
1697,760,96.0,38
1698,630,84.0,29
1699,620,83.0,29
1700,920,136.0,34
1701,650,95.0,24
1702,330,49.0,11
1703,460,69.0,17
1704,150,17.0,10
1705,130,18.0,6
1706,540,77.0,21
1707,180,28.0,5
1708,490,75.0,15
1709,340,54.0,10
1710,240,37.0,7
1711,240,24.0,15
1712,240,24.0,15
1713,70,17.0,1
1714,1420,189.0,67
1715,960,130.0,45
1716,400,55.0,17
1717,650,88.0,29
1718,140,16.0,10
1719,80,7.0,7
1720,1300,190.0,52
1721,1020,148.0,40
1722,420,62.0,16
1723,710,104.0,28
1724,260,26.0,15
1725,780,69.0,46
1726,470,29.0,26
1727,600,59.0,30
1728,350,30.0,21
1729,470,53.0,22
1730,830,63.0,51
1731,400,35.0,18
1732,640,35.0,34
1733,540,34.0,26
1734,350,34.0,14
1735,220,30.0,9
1736,660,85.0,30
1737,470,61.0,22
1738,330,42.0,15
1739,1340,189.0,58
1740,1010,144.0,42
1741,450,63.0,18
1742,750,107.0,32
1743,410,60.0,15
1744,410,59.0,15
1745,290,42.0,11
1746,1150,171.0,38
1747,310,44.0,12
1748,190,31.0,5
1749,320,47.0,13
1750,780,34.0,48
1751,670,40.0,43
1752,560,39.0,35
1753,190,27.0,8
1754,500,70.0,21
1755,310,43.0,13
1756,1320,176.0,62
1757,900,120.0,42
1758,430,57.0,19
1759,670,90.0,30
1760,780,129.0,22
1761,630,101.0,19
1762,500,80.0,15
1763,190,27.0,8
1764,50,13.0,0
1765,940,121.0,48
1766,1450,164.0,83
1767,990,115.0,55
1768,680,82.0,35
1769,410,52.0,19
1770,320,30.0,13
1771,330,13.0,15
1772,360,32.0,15
1773,280,22.0,15
1774,360,26.0,21
1775,190,18.0,12
1776,820,125.0,29
1777,600,92.0,21
1778,300,45.0,10
1779,440,67.0,15
1780,1260,173.0,57
1781,920,126.0,41
1782,600,83.0,26
1783,150,17.0,9
1784,360,51.0,14
1785,220,25.0,13
1786,290,22.0,17
1787,290,22.0,17
1788,90,15.0,3
1789,420,52.0,14
1790,600,55.0,24
1791,600,40.0,34
1792,550,43.0,23
1793,600,143.0,0
1794,380,87.0,0
1795,250,55.0,0
1796,680,161.0,0
1797,420,96.0,0
1798,280,64.0,0
1799,140,20.0,6
1800,1140,176.0,41
1801,840,127.0,30
1802,660,101.0,23
1803,370,57.0,13
1804,860,134.0,27
1805,670,102.0,22
1806,540,80.0,19
1807,1080,178.0,31
1808,830,134.0,25
1809,610,95.0,20
1810,910,144.0,27
1811,710,112.0,22
1812,560,83.0,19
1813,1020,171.0,32
1814,790,130.0,26
1815,590,92.0,21
1816,1090,165.0,38
1817,840,126.0,30
1818,620,90.0,22
1819,1350,143.0,72
1820,1010,111.0,53
1821,700,83.0,34
1822,880,137.0,27
1823,700,107.0,22
1824,550,81.0,19
1825,950,151.0,29
1826,740,116.0,23
1827,580,89.0,19
1828,1300,171.0,65
1829,1000,133.0,49
1830,400,54.0,19
1831,750,99.0,37
1832,1070,168.0,36
1833,740,116.0,25
1834,560,87.0,18
1835,400,62.0,14
1836,820,121.0,31
1837,800,5.0,68
1838,130,30.0,0
1839,480,67.0,22
1840,1010,91.0,59
1841,880,45.0,49
1842,1010,56.0,58
1843,70,1.0,5
1844,140,1.0,11
1845,520,35.0,35
1846,428,48.0,12
1847,780,130.0,15
1848,810,125.0,31
1849,860,107.0,33
1850,510,100.0,11
1851,820,32.0,64
1852,370,74.0,5
1853,25,4.0,0
1854,370,48.0,16
1855,190,24.0,9
1856,190,24.0,9
1857,740,134.0,21
1858,190,44.0,1
1859,300,26.0,19
1860,890,53.0,54
1861,380,32.0,21
1862,57,14.0,0
1863,520,48.0,16
1864,590,43.0,29
1865,340,13.0,13
1866,140,35.0,4
1867,910,76.0,52
1868,110,0.0,9
1869,220,1.0,18
1870,760,84.0,29
1871,720,52.0,32
1872,820,82.0,30
1873,330,3.0,20
1874,450,40.0,18
1875,450,61.0,18
1876,770,59.0,57
1877,680,59.0,47
1878,100,9.0,0
1879,190,6.0,17
1880,270,24.0,17
1881,820,47.0,44
1882,630,55.0,33
1883,630,65.0,39
1884,0,0.0,0
1885,260,15.0,22
1886,630,67.0,39
1887,120,21.0,0
1888,660,29.0,43
1889,1170,74.0,74
1890,370,32.0,12
1891,30,5.0,0
1892,1400,49.0,87
1893,50,1.0,0
1894,50,1.0,0
1895,250,1.0,21
1896,125,0.0,11
1897,130,25.0,1
1898,130,25.0,1
1899,340,33.0,21
1900,130,26.0,3
1901,430,50.0,23
1902,1530,145.0,90
1903,260,38.0,10
1904,390,25.0,18
1905,630,56.0,13
1906,450,40.0,19
1907,390,46.0,12
1908,100,28.0,2
1909,430,69.0,17
1910,430,50.0,23
1911,430,50.0,23
1912,780,35.0,58
1913,110,29.0,0
1914,55,29.0,0
1915,150,23.0,6
1916,55,29.0,0
1917,120,7.0,7
1918,170,21.0,9
1919,170,21.0,9
1920,200,18.0,15
1921,190,20.0,8
1922,25,4.0,0
1923,120,8.0,5
1924,120,8.0,5
1925,90,1.0,4
1926,220,44.0,3
1927,90,15.0,3
1928,220,44.0,3
1929,270,71.0,0
1930,310,21.0,10
1931,870,84.0,42
1932,670,70.0,30
1933,530,93.0,11
1934,210,26.0,12
1935,210,26.0,12
1936,210,26.0,12
1937,210,26.0,12
1938,1160,110.0,63
1939,580,75.0,28
1940,900,67.0,47
1941,210,5.0,20
1942,140,52.0,6
1943,830,122.0,37
1944,290,34.0,15
1945,380,39.0,19
1946,560,87.0,20
1947,690,88.0,33
1948,500,82.0,19
1949,800,59.0,35
1950,420,23.0,32
1951,960,80.0,50
1952,100,55.0,3
1953,1140,94.0,63
1954,610,74.0,28
1955,610,74.0,28
1956,770,31.0,53
1957,760,51.0,41
1958,560,58.0,20
1959,860,51.0,48
1960,1080,34.0,75
1961,510,43.0,34
1962,200,31.0,5
1963,250,62.0,0
1964,520,48.0,36
1965,890,113.0,44
1966,110,16.0,5
1967,210,54.0,0
1968,370,68.0,8
1969,330,67.0,4
1970,310,64.0,1
1971,1040,41.0,73
1972,730,98.0,36
1973,180,47.0,0
1974,590,70.0,26
1975,940,67.0,43
1976,670,52.0,36
1977,850,64.0,46
1978,500,77.0,18
1979,210,27.0,7
1980,210,27.0,7
1981,1380,139.0,71
1982,710,30.0,52
1983,180,2.0,17
1984,370,4.0,34
1985,70,5.0,6
1986,110,6.0,8
1987,70,18.0,0
1988,70,18.0,0
1989,630,48.0,47
1990,520,25.0,39
1991,550,39.0,32
1992,690,51.0,43
1993,540,52.0,16
1994,480,57.0,18
1995,550,35.0,37
1996,520,49.0,28
1997,370,21.0,15
1998,450,56.0,15
1999,610,24.0,32
2000,440,8.0,34
2001,980,73.0,59
2002,260,24.0,12
2003,210,1.0,19
2004,410,74.0,11
2005,310,22.0,15
2006,270,31.0,13
2007,270,31.0,13
2008,120,49.0,5
2009,860,75.0,53
2010,400,54.0,17
2011,250,30.0,11
2012,1120,101.0,63
2013,270,40.0,6
2014,860,76.0,48
2015,250,65.0,0
2016,200,50.0,0
2017,220,56.0,0
2018,60,14.0,0
2019,300,36.0,16
2020,900,99.0,33
2021,260,65.0,0
2022,900,27.0,54
2023,780,4.0,36
2024,1000,47.0,59
2025,820,24.0,35
2026,1520,97.0,101
2027,610,54.0,29
2028,560,72.0,25
2029,630,60.0,27
2030,10,2.0,0
2031,300,45.0,9
2032,340,43.0,13
2033,200,40.0,1
2034,90,1.0,5
2035,180,1.0,11
2036,780,90.0,42
2037,1841,1.0,96
2038,1841,1.0,96
2039,168,0.0,7
2040,315,0.0,13
2041,299,0.0,18
2042,539,1.0,22
2043,513,0.0,32
2044,630,1.0,27
2045,598,0.0,36
2046,1303,186.0,43
2047,217,31.0,7
2048,869,124.0,29
2049,1228,1.0,64
2050,1228,1.0,64
2051,769,56.0,43
2052,36,2.0,3
2053,718,65.0,35
2054,200,36.0,3
2055,200,36.0,3
2056,551,99.0,8
2057,421,63.0,11
2058,421,63.0,11
2059,425,64.0,11
2060,955,74.0,52
2061,225,14.0,12
2062,162,17.0,5
2063,394,38.0,15
2064,214,18.0,9
2065,214,18.0,9
2066,140,9.0,5
2067,859,78.0,42
2068,429,43.0,13
2069,429,43.0,13
2070,402,28.0,30
2071,134,9.0,10
2072,375,50.0,16
2073,162,25.0,5
2074,785,86.0,31
2075,84,0.0,3
2076,224,0.0,8
2077,179,1.0,3
2078,84,0.0,3
2079,215,0.0,14
2080,91,0.0,5
2081,316,53.0,12
2082,126,21.0,4
2083,263,34.0,12
2084,263,34.0,12
2085,200,33.0,5
2086,513,84.0,13
2087,330,55.0,8
2088,300,49.0,8
2089,635,78.0,32
2090,329,40.0,16
2091,9,2.0,0
2092,37,8.0,0
2093,114,16.0,5
2094,57,8.0,2
2095,167,10.0,3
2096,167,10.0,3
2097,299,21.0,17
2098,72,3.0,6
2099,694,81.0,37
2100,51,3.0,4
2101,9,2.0,0
2102,3,1.0,0
2103,62,7.0,2
2104,47,5.0,1
2105,25,3.0,0
2106,121,14.0,5
2107,62,7.0,2
2108,690,60.0,40
2109,253,22.0,14
2110,430,84.0,7
2111,124,25.0,1
2112,337,48.0,5
2113,652,93.0,21
2114,434,62.0,14
2115,14,2.0,0
2116,196,29.0,4
2117,523,78.0,10
2118,196,29.0,4
2119,14,3.0,0
2120,266,12.0,7
2121,266,12.0,7
2122,179,1.0,3
2123,179,1.0,3
2124,80,1.0,6
2125,170,32.0,2
2126,406,77.0,5
2127,170,32.0,2
2128,675,97.0,26
2129,250,36.0,9
2130,982,103.0,60
2131,327,34.0,20
2132,215,19.0,12
2133,607,87.0,10
2134,607,87.0,10
2135,900,91.0,38
2136,845,83.0,34
2137,302,32.0,18
2138,302,32.0,18
2139,761,92.0,30
2140,492,61.0,3
2141,355,30.0,7
2142,1440,84.0,92
2143,755,50.0,46
2144,329,68.0,3
2145,366,82.0,1
2146,196,15.0,11
2147,899,51.0,56
2148,1322,143.0,49
2149,752,39.0,50
2150,106,1.0,8
2151,992,82.0,46
2152,1221,87.0,74
2153,1162,105.0,62
2154,783,62.0,32
2155,792,85.0,31
2156,366,27.0,10
2157,792,85.0,31
2158,1109,98.0,51
2159,950,96.0,58
2160,946,1.0,62
2161,630,1.0,42
2162,381,1.0,26
2163,780,62.0,37
2164,1027,110.0,55
2165,449,48.0,24
2166,981,77.0,56
2167,981,77.0,56
2168,467,2.0,35
2169,311,1.0,23
2170,194,37.0,4
2171,119,29.0,0
2172,173,6.0,16
2173,173,6.0,16
2174,1214,135.0,51
2175,505,59.0,10
2176,628,30.0,42
2177,427,54.0,12
2178,303,22.0,12
2179,462,48.0,18
2180,792,81.0,38
2181,318,50.0,2
2182,953,43.0,64
2183,348,21.0,18
2184,333,20.0,17
2185,381,25.0,20
2186,233,1.0,16
2187,1044,96.0,62
2188,1352,161.0,54
2189,1165,78.0,60
2190,735,31.0,49
2191,735,31.0,49
2192,956,43.0,64
2193,529,12.0,32
2194,459,59.0,12
2195,610,54.0,23
2196,301,25.0,11
2197,597,49.0,22
2198,446,59.0,11
2199,628,59.0,22
2200,446,47.0,15
2201,622,71.0,23
2202,435,46.0,15
2203,1010,71.0,57
2204,914,98.0,46
2205,1073,99.0,56
2206,1090,107.0,57
2207,334,45.0,15
2208,115,5.0,9
2209,495,80.0,18
2210,141,23.0,4
2211,585,74.0,23
2212,175,16.0,4
2213,210,46.0,0
2214,636,56.0,32
2215,1118,64.0,63
2216,791,59.0,39
2217,850,51.0,51
2218,146,2.0,7
2219,777,52.0,46
2220,379,15.0,24
2221,140,15.0,7
2222,247,53.0,9
2223,335,39.0,7
2224,503,47.0,25
2225,506,28.0,31
2226,559,49.0,26
2227,577,57.0,26
2228,423,37.0,25
2229,336,29.0,11
2230,338,8.0,23
2231,420,26.0,24
2232,430,53.0,15
2233,380,56.0,10
2234,221,51.0,2
2235,329,37.0,7
2236,124,4.0,9
2237,100,24.0,0
2238,225,58.0,0
2239,221,57.0,0
2240,110,27.0,0
2241,235,61.0,0
2242,231,60.0,0
2243,233,53.0,2
2244,139,32.0,4
2245,250,41.0,7
2246,336,14.0,16
2247,989,64.0,55
2248,394,37.0,21
2249,435,43.0,18
2250,268,18.0,12
2251,1637,188.0,78
2252,1989,205.0,100
2253,1955,190.0,97
2254,77,3.0,5
2255,62,5.0,0
2256,230,0.0,18
2257,303,35.0,6
2258,543,69.0,4
2259,381,94.0,6
2260,497,55.0,16
2261,486,53.0,16
2262,508,18.0,23
2263,518,16.0,29
2264,488,18.0,27
2265,454,59.0,4
2266,526,16.0,32
2267,466,59.0,12
2268,125,7.0,2
2269,33,6.0,0
2270,458,69.0,15
2271,178,21.0,9
2272,96,11.0,5
2273,398,45.0,16
2274,505,59.0,10
2275,1119,110.0,49
2276,792,81.0,38
2277,429,35.0,23
2278,334,54.0,2
2279,662,46.0,43
2280,674,29.0,53
2281,255,12.0,11
2282,326,33.0,15
2283,1049,46.0,70
2284,834,74.0,42
2285,1518,130.0,71
2286,974,81.0,65
2287,159,39.0,0
2288,280,61.0,0
2289,879,123.0,30
2290,440,62.0,15
2291,309,21.0,24
2292,539,26.0,28
2293,649,61.0,29
2294,649,61.0,29
2295,100,16.0,3
2296,681,75.0,33
2297,100,16.0,3
2298,935,63.0,57
2299,876,26.0,52
2300,805,5.0,53
2301,783,1.0,52
2302,318,77.0,0
2303,560,122.0,0
2304,618,42.0,48
2305,303,33.0,16
2306,342,17.0,23
2307,838,67.0,35
2308,52,8.0,1
2309,211,3.0,21
2310,382,28.0,24
2311,563,33.0,26
2312,125,18.0,5
2313,1188,101.0,72
2314,79,10.0,2
2315,210,11.0,13
2316,43,8.0,0
2317,392,36.0,21
2318,435,43.0,18
2319,238,16.0,10
2320,91,3.0,6
2321,29,6.0,0
2322,205,0.0,16
2323,269,31.0,5
2324,54,0.0,3
2325,31,0.0,1
2326,1328,63.0,86
2327,137,11.0,9
2328,880,90.0,36
2329,1005,39.0,70
2330,957,39.0,61
2331,51,7.0,1
2332,537,48.0,27
2333,700,64.0,44
2334,381,94.0,6
2335,425,61.0,19
2336,870,58.0,34
2337,1238,102.0,56
2338,586,19.0,36
2339,109,13.0,3
2340,140,0.0,10
2341,640,80.0,22
2342,890,86.0,39
2343,100,20.0,2
2344,30,4.0,0
2345,35,5.0,0
2346,290,32.0,12
2347,270,35.0,8
2348,670,71.0,27
2349,980,86.0,46
2350,480,38.0,25
2351,500,53.0,19
2352,920,77.0,42
2353,800,88.0,27
2354,400,37.0,17
2355,1000,108.0,39
2356,340,37.0,12
2357,920,69.0,60
2358,880,69.0,52
2359,510,68.0,26
2360,700,87.0,38
2361,510,30.0,30
2362,890,122.0,25
2363,690,58.0,33
2364,780,68.0,36
2365,780,48.0,51
2366,70,8.0,3
2367,600,16.0,45
2368,770,57.0,45
2369,880,70.0,49
2370,290,42.0,8
2371,290,42.0,8
2372,800,108.0,26
2373,1000,79.0,49
2374,150,20.0,7
2375,810,83.0,31
2376,810,53.0,48
2377,810,65.0,42
2378,250,65.0,0
2379,170,46.0,0
2380,370,97.0,0
2381,270,70.0,0
2382,340,90.0,0
2383,980,122.0,29
2384,260,21.0,13
2385,250,6.0,18
2386,20,5.0,1
2387,630,49.0,45
2388,770,44.0,50
2389,880,76.0,44
2390,970,73.0,51
2391,300,32.0,13
2392,300,32.0,13
2393,300,32.0,13
2394,280,35.0,9
2395,710,55.0,40
2396,450,56.0,15
2397,570,58.0,24
2398,570,70.0,21
2399,110,3.0,10
2400,70,1.0,2
2401,600,49.0,24
2402,820,87.0,0
2403,60,5.0,3
2404,200,3.0,16
2405,750,68.0,37
2406,650,54.0,35
2407,560,111.0,2
2408,800,108.0,26
2409,220,43.0,1
2410,220,43.0,1
2411,260,44.0,4
2412,260,44.0,4
2413,300,45.0,7
2414,800,108.0,26
2415,560,111.0,2
2416,680,113.0,12
2417,340,26.0,19
2418,340,54.0,8
2419,690,108.0,16
2420,290,32.0,12
2421,290,32.0,12
2422,590,56.0,37
2423,480,55.0,17
2424,700,47.0,39
2425,1070,76.0,65
2426,1130,153.0,34
2427,590,60.0,29
2428,660,72.0,31
2429,800,108.0,26
2430,560,111.0,2
2431,680,113.0,12
2432,780,39.0,50
2433,695,40.0,48
2434,920,40.0,62
2435,625,40.0,42
2436,615,40.0,41
2437,840,40.0,55
2438,470,41.0,26
2439,700,39.0,43
2440,545,40.0,35
2441,1474,184.0,71
2442,560,39.0,33
2443,630,39.0,39
2444,550,39.0,32
2445,480,39.0,26
2446,310,39.0,15
2447,620,78.0,30
2448,440,60.0,15
2449,275,34.0,13
2450,263,29.0,14
2451,724,65.0,34
2452,180,24.0,10
2453,363,2.0,24
2454,708,54.0,35
2455,287,27.0,19
2456,125,12.0,8
2457,265,33.0,13
2458,182,34.0,6
2459,200,16.0,12
2460,176,25.0,5
2461,96,24.0,0
2462,2,0.0,0
2463,561,34.0,27
2464,521,17.0,29
2465,174,6.0,10
2466,521,25.0,28
2467,421,15.0,28
2468,150,2.0,10
2469,292,34.0,15
2470,313,1.0,12
2471,159,0.0,9
2472,273,0.0,16
2473,126,0.0,8
2474,657,75.0,25
2475,31,6.0,0
2476,139,20.0,4
2477,74,13.0,1
2478,101,27.0,0
2479,342,25.0,20
2480,170,22.0,8
2481,142,23.0,1
2482,90,23.0,0
2483,190,23.0,10
2484,54,8.0,0
2485,840,49.0,56
2486,620,51.0,33
2487,930,44.0,64
2488,470,9.0,36
2489,650,47.0,36
2490,860,52.0,58
2491,1150,53.0,78
2492,1290,47.0,92
2493,260,13.0,13
2494,440,21.0,21
2495,270,35.0,13
2496,400,38.0,25
2497,410,45.0,24
2498,810,74.0,40
2499,450,46.0,18
2500,450,44.0,20
2501,410,50.0,23
2502,380,58.0,6
2503,610,55.0,30
2504,500,50.0,26
2505,290,44.0,11
2506,290,35.0,15
2507,300,40.0,15
2508,170,20.0,10
2509,470,46.0,29
2510,300,38.0,18
2511,480,60.0,23
2512,410,52.0,20
2513,340,43.0,17
2514,480,34.0,29
2515,630,52.0,38
2516,370,29.0,15
2517,170,15.0,7
2518,330,30.0,15
2519,200,23.0,8
2520,430,41.0,19
2521,110,16.0,5
2522,400,38.0,22
2523,680,55.0,37
2524,780,98.0,35
2525,705,86.0,33
2526,530,49.0,35
2527,390,36.0,26
2528,250,25.0,16
2529,280,29.0,12
2530,390,46.0,24
2531,380,24.0,25
2532,560,59.0,29
2533,380,36.0,18
2534,510,58.0,25
2535,430,34.0,23
2536,570,34.0,39
2537,770,39.0,49
2538,490,38.0,31
2539,650,2.0,54
2540,340,14.0,21
2541,260,37.0,13
2542,90,17.0,2
2543,640,40.0,44
2544,200,28.0,9
2545,470,65.0,21
2546,430,60.0,19
2547,320,45.0,14
2548,460,47.0,17
2549,300,55.0,5
2550,285,56.0,7
2551,300,28.0,14
2552,470,38.0,32
2553,410,38.0,27
2554,120,7.0,7
2555,235,27.0,13
2556,285,37.0,13
2557,350,32.0,19
2558,310,31.0,15
2559,510,39.0,36
2560,440,41.0,21
2561,430,27.0,27
2562,930,59.0,63
2563,550,85.0,19
2564,690,106.0,23
2565,510,86.0,13
2566,640,117.0,13
2567,700,71.0,39
2568,850,118.0,34
2569,490,69.0,18
2570,600,109.0,13
2571,520,87.0,13
2572,390,21.0,28
2573,520,42.0,27
2574,290,15.0,18
2575,160,2.0,4
2576,380,2.0,34
2577,120,2.0,5
2578,210,2.0,6
2579,300,0.0,27
2580,460,5.0,41
2581,360,2.0,32
2582,490,69.0,18
2583,150,1.0,12
2584,350,3.0,32
2585,200,0.0,14
2586,850,60.0,58
2587,900,63.0,62
2588,100,19.0,2
2589,90,17.0,2
2590,190,36.0,2
2591,300,18.0,20
2592,690,60.0,37
2593,800,65.0,45
2594,280,47.0,6
2595,110,1.0,2
2596,110,1.0,2
2597,190,26.0,9
2598,190,26.0,9
2599,90,11.0,4
2600,90,11.0,4
2601,80,11.0,3
2602,80,11.0,3
2603,90,10.0,5
2604,90,10.0,5
2605,360,22.0,23
2606,350,4.0,30
2607,70,17.0,0
2608,70,17.0,0
2609,90,19.0,2
2610,280,0.0,11
2611,280,0.0,11
2612,1780,163.0,99
2613,120,29.0,0
2614,150,36.0,0
2615,210,51.0,0
2616,480,116.0,0
2617,840,17.0,65
2618,210,25.0,6
2619,770,57.0,49
2620,1020,83.0,61
2621,1130,43.0,82
2622,930,47.0,61
2623,980,17.0,75
2624,870,34.0,58
2625,1010,50.0,66
2626,970,48.0,63
2627,900,48.0,58
2628,860,47.0,55
2629,830,48.0,53
2630,780,46.0,50
2631,970,52.0,65
2632,920,50.0,62
2633,340,63.0,7
2634,640,50.0,39
2635,420,47.0,23
2636,360,47.0,15
2637,1130,104.0,62
2638,1130,104.0,62
2639,1220,54.0,82
2640,880,80.0,50
2641,1420,99.0,95
2642,1530,105.0,103
2643,1180,82.0,74
2644,340,19.0,23
2645,340,19.0,23
2646,340,19.0,23
2647,340,19.0,23
2648,1000,66.0,69
2649,520,27.0,35
2650,490,42.0,28
2651,950,41.0,62
2652,1330,89.0,77
2653,1600,72.0,118
2654,1080,97.0,62
2655,1180,55.0,81
2656,960,22.0,65
2657,1070,70.0,59
2658,790,49.0,44
2659,870,54.0,52
2660,880,48.0,53
2661,1240,105.0,69
2662,1300,107.0,73
2663,690,74.0,33
2664,750,77.0,37
2665,170,18.0,5
2666,170,18.0,5
2667,170,18.0,5
2668,170,18.0,5
2669,190,23.0,7
2670,190,23.0,7
2671,190,23.0,7
2672,190,23.0,7
2673,720,112.0,24
2674,1400,111.0,82
2675,1120,126.0,54
2676,890,138.0,29
2677,1210,102.0,75
2678,1460,102.0,97
2679,5,1.0,0
2680,25,5.0,0
2681,1120,24.0,82
2682,990,30.0,72
2683,1110,91.0,61
2684,1140,50.0,80
2685,1570,139.0,87
2686,1680,145.0,95
2687,830,82.0,38
2688,940,88.0,46
2689,130,33.0,0
2690,160,41.0,0
2691,230,58.0,0
2692,520,132.0,0
2693,440,10.0,32
2694,140,2.0,4
2695,1200,112.0,66
2696,1300,121.0,73
2697,1180,109.0,66
2698,1170,93.0,71
2699,1190,111.0,66
2700,1210,116.0,66
2701,900,88.0,45
2702,410,71.0,10
2703,1460,93.0,95
2704,1270,59.0,91
2705,1010,89.0,56
2706,290,37.0,10
2707,1230,117.0,67
2708,580,77.0,27
2709,5,1.0,0
2710,660,39.0,45
2711,800,144.0,17
2712,1020,80.0,57
2713,190,25.0,10
2714,220,30.0,10
2715,790,73.0,39
2716,640,59.0,36
2717,430,30.0,28
2718,480,66.0,21
2719,390,45.0,21
2720,460,65.0,21
2721,450,57.0,20
2722,480,62.0,22
2723,840,18.0,66
2724,1050,51.0,75
2725,150,15.0,8
2726,830,71.0,54
2727,120,30.0,0
2728,150,38.0,0
2729,210,53.0,0
2730,480,120.0,0
2731,450,44.0,26
2732,960,39.0,72
2733,870,39.0,71
2734,810,63.0,39
2735,810,46.0,46
2736,1070,77.0,56
2737,920,95.0,49
2738,840,60.0,48
2739,890,62.0,52
2740,870,18.0,60
2741,0,2.0,0
2742,290,35.0,13
2743,5,0.0,0
2744,90,15.0,3
2745,90,15.0,3
2746,90,15.0,3
2747,90,15.0,3
2748,1110,83.0,65
2749,300,26.0,20
2750,90,11.0,4
2751,80,11.0,3
2752,90,10.0,5
2753,200,44.0,1
2754,150,32.0,1
2755,190,41.0,1
2756,5,2.0,0
2757,5,2.0,0
2758,10,2.0,0
2759,860,69.0,50
2760,930,40.0,69
2761,1100,83.0,71
2762,1000,68.0,67
2763,330,11.0,25
2764,400,41.0,18
2765,480,39.0,27
2766,590,72.0,29
2767,520,11.0,39
2768,590,41.0,32
2769,670,39.0,41
2770,395,54.0,18
2771,240,11.0,17
2772,310,41.0,10
2773,390,39.0,19
2774,590,81.0,27
2775,580,67.0,31
2776,310,30.0,14
2777,680,58.0,42
2778,260,3.0,26
2779,920,45.0,63
2780,430,35.0,25
2781,190,17.0,11
2782,390,33.0,22
2783,570,43.0,34
2784,570,43.0,34
2785,280,30.0,11
2786,280,30.0,11
2787,450,32.0,23
2788,520,37.0,28
2789,370,13.0,20
2790,320,33.0,11
2791,320,33.0,11
2792,330,35.0,11
2793,410,42.0,21
2794,410,42.0,21
2795,470,42.0,25
2796,470,42.0,25
2797,280,26.0,12
2798,560,53.0,24
2799,130,2.0,4
2800,250,5.0,7
2801,580,106.0,5
2802,690,133.0,6
2803,70,17.0,0
2804,70,17.0,0
2805,70,17.0,0
2806,180,30.0,2
2807,300,57.0,7
2808,220,3.0,22
2809,150,15.0,7
2810,440,46.0,22
2811,660,32.0,47
2812,990,112.0,50
2813,830,90.0,43
2814,710,74.0,37
2815,650,61.0,37
2816,80,21.0,0
2817,80,20.0,0
2818,80,21.0,0
2819,230,30.0,10
2820,610,83.0,28
2821,450,61.0,21
2822,330,45.0,15
2823,300,34.0,16
2824,600,68.0,33
2825,70,13.0,4
2826,620,53.0,29
2827,330,34.0,16
2828,330,34.0,16
2829,250,15.0,10
2830,250,15.0,10
2831,310,16.0,8
2832,620,54.0,29
2833,660,53.0,31
2834,290,32.0,12
2835,290,32.0,12
2836,340,33.0,16
2837,340,33.0,16
2838,340,33.0,16
2839,420,34.0,23
2840,420,34.0,23
2841,330,32.0,15
2842,330,32.0,15
2843,280,26.0,19
2844,850,41.0,65
2845,730,65.0,35
2846,160,28.0,3
2847,170,29.0,3
2848,170,30.0,3
2849,530,60.0,21
2850,610,61.0,26
2851,400,32.0,22
2852,400,32.0,22
2853,500,45.0,27
2854,500,45.0,27
2855,580,45.0,34
2856,580,45.0,34
2857,5,1.0,0
2858,10,2.0,0
2859,5,1.0,0
2860,10,2.0,0
2861,150,3.0,15
2862,35,5.0,1
2863,610,38.0,37
2864,620,40.0,37
2865,690,84.0,37
2866,350,42.0,18
2867,280,22.0,16
2868,560,43.0,33
2869,310,32.0,17
2870,450,45.0,28
2871,120,12.0,4
2872,460,35.0,30
2873,440,31.0,27
2874,570,32.0,40
2875,570,36.0,38
2876,200,21.0,11
2877,580,63.0,34
2878,430,46.0,25
2879,280,30.0,16
2880,800,101.0,38
2881,1150,146.0,55
2882,810,92.0,43
2883,1170,134.0,61
2884,780,95.0,38
2885,1120,138.0,54
2886,700,76.0,38
2887,1000,109.0,54
2888,20,4.0,0
2889,20,4.0,0
2890,20,4.0,0
2891,900,52.0,60
2892,990,52.0,66
2893,880,52.0,59
2894,970,52.0,65
2895,290,72.0,0
2896,290,72.0,0
2897,450,114.0,0
2898,270,67.0,0
2899,270,67.0,0
2900,400,99.0,0
2901,290,73.0,0
2902,290,73.0,0
2903,440,108.0,0
2904,410,35.0,21
2905,540,38.0,26
2906,660,40.0,44
2907,650,38.0,38
2908,870,38.0,63
2909,500,53.0,23
2910,350,29.0,15
2911,140,18.0,7
2912,810,55.0,50
2913,820,56.0,50
2914,220,21.0,12
2915,510,49.0,29
2916,450,32.0,27
2917,520,42.0,25
2918,830,44.0,57
2919,614,50.0,30
2920,807,66.0,34
2921,765,68.0,31
2922,729,71.0,30
2923,773,70.0,38
2924,684,67.0,24
2925,843,72.0,38
2926,755,67.0,33
2927,760,67.0,39
2928,533,48.0,23
2929,648,54.0,30
2930,514,50.0,21
2931,514,50.0,21
2932,600,51.0,28
2933,578,52.0,30
2934,775,68.0,32
2935,796,68.0,34
2936,948,70.0,50
2937,160,17.0,9
2938,420,62.0,17
2939,470,3.0,34
2940,2,0.0,0
2941,4,0.0,0
2942,634,48.0,35
2943,150,18.0,7
2944,242,65.0,0
2945,388,104.0,0
2946,12,2.0,0
2947,20,4.0,0
2948,5,1.0,0
2949,22,4.0,0
2950,420,65.0,14
2951,195,52.0,0
2952,312,84.0,0
2953,160,18.0,8
2954,140,16.0,8
2955,505,65.0,9
2956,424,64.0,2
2957,722,67.0,30
2958,401,65.0,0
2959,401,65.0,0
2960,599,65.0,19
2961,545,65.0,16
2962,988,53.0,54
2963,739,7.0,54
2964,130,19.0,5
2965,420,42.0,24
2966,330,27.0,17
2967,260,0.0,23
2968,90,24.0,0
2969,780,37.0,49
2970,860,60.0,61
2971,1470,73.0,78
2972,980,85.0,64
2973,1490,144.0,84
2974,850,38.0,53
2975,1190,44.0,64
2976,80,6.0,6
2977,190,9.0,2
2978,270,10.0,3
2979,450,18.0,37
2980,670,18.0,46
2981,530,19.0,38
2982,220,8.0,18
2983,900,61.0,58
2984,1060,78.0,70
2985,1280,105.0,59
2986,150,6.0,13
2987,260,35.0,9
2988,250,19.0,15
2989,760,42.0,46
2990,990,36.0,71
2991,790,36.0,49
2992,590,23.0,33
2993,1010,47.0,68
2994,1530,225.0,63
2995,340,50.0,14
2996,320,26.0,17
2997,790,38.0,46
2998,650,39.0,39
2999,630,38.0,38
3000,1460,90.0,103
3001,1230,127.0,72
3002,110,13.0,7
3003,30,7.0,0
3004,970,52.0,72
3005,1470,82.0,109
3006,810,40.0,61
3007,510,69.0,4
3008,2000,130.0,145
3009,800,76.0,40
3010,710,48.0,37
3011,1400,227.0,51
3012,860,72.0,47
3013,1270,92.0,87
3014,1060,100.0,58
3015,1440,123.0,94
3016,1060,89.0,54
3017,400,0.0,44
3018,170,30.0,2
3019,1260,96.0,81
3020,480,69.0,3
3021,60,14.0,1
3022,2110,143.0,144
3023,60,10.0,1
3024,1430,99.0,92
3025,1540,111.0,92
3026,600,23.0,46
3027,1970,137.0,129
3028,370,47.0,19
3029,300,38.0,15
3030,1060,104.0,64
3031,5,0.0,0
3032,880,81.0,42
3033,830,48.0,43
3034,970,75.0,66
3035,540,55.0,19
3036,890,66.0,45
3037,1450,93.0,81
3038,120,10.0,7
3039,700,94.0,34
3040,1210,70.0,75
3041,1210,70.0,75
3042,50,9.0,0
3043,710,53.0,32
3044,1230,162.0,55
3045,90,7.0,1
3046,430,68.0,3
3047,580,69.0,4
3048,680,49.0,28
3049,760,68.0,41
3050,390,35.0,15
3051,710,68.0,36
3052,250,22.0,13
3053,1200,72.0,74
3054,470,61.0,23
3055,350,75.0,6
3056,1590,110.0,100
3057,1820,161.0,94
3058,450,61.0,15
3059,990,98.0,54
3060,1590,89.0,107
3061,1150,26.0,82
3062,200,36.0,4
3063,470,19.0,39
3064,1000,34.0,65
3065,1180,72.0,74
3066,1240,167.0,57
3067,1310,127.0,69
3068,1540,117.0,92
3069,1650,158.0,85
3070,1050,96.0,53
3071,310,40.0,8
3072,1990,196.0,84
3073,1090,44.0,74
3074,470,68.0,4
3075,5,1.0,0
3076,660,48.0,22
3077,290,39.0,14
3078,1260,80.0,75
3079,1260,80.0,75
3080,1260,67.0,85
3081,2750,220.0,168
3082,1420,96.0,84
3083,1330,77.0,85
3084,1310,72.0,65
3085,40,3.0,3
3086,250,33.0,12
3087,210,41.0,1
3088,180,23.0,8
3089,40,2.0,2
3090,300,39.0,15
3091,790,66.0,45
3092,150,21.0,6
3093,70,16.0,0
3094,140,33.0,1
3095,420,25.0,29
3096,390,21.0,27
3097,360,18.0,19
3098,340,16.0,18
3099,260,11.0,14
3100,390,17.0,21
3101,610,52.0,33
3102,490,51.0,20
3103,610,18.0,37
3104,520,40.0,25
3105,510,16.0,33
3106,150,5.0,10
3107,340,10.0,24
3108,190,6.0,13
3109,440,39.0,25
3110,630,45.0,39
3111,70,5.0,4
3112,510,51.0,28
3113,25,4.0,0
3114,220,0.0,7
3115,90,0.0,4
3116,170,0.0,10
3117,80,1.0,4
3118,380,34.0,19
3119,460,34.0,25
3120,80,8.0,4
3121,540,58.0,28
3122,160,1.0,17
3123,35,8.0,0
3124,320,47.0,3
3125,70,4.0,4
3126,490,45.0,27
3127,15,3.0,0
3128,20,1.0,1
3129,680,74.0,31
3130,310,30.0,15
3131,260,29.0,9
3132,270,31.0,9
3133,280,31.0,11
3134,210,32.0,3
3135,210,28.0,9
3136,260,4.0,26
3137,200,15.0,11
3138,180,11.0,10
3139,200,8.0,9
3140,280,37.0,13
3141,400,65.0,13
3142,200,35.0,7
3143,160,19.0,7
3144,190,22.0,10
3145,15,2.0,0
3146,120,19.0,4
3147,90,15.0,3
3148,360,11.0,21
3149,120,3.0,7
3150,250,7.0,17
3151,120,3.0,7
3152,160,2.0,3
3153,400,37.0,22
3154,540,42.0,32
3155,290,34.0,16
3156,70,8.0,3
3157,680,53.0,41
3158,400,18.0,26
3159,260,12.0,17
3160,560,26.0,37
3161,210,26.0,11
3162,290,35.0,15
3163,310,31.0,19
3164,50,1.0,2
3165,260,26.0,13
3166,420,12.0,25
3167,160,5.0,10
3168,360,13.0,27
3169,170,6.0,12
3170,100,21.0,0
3171,160,21.0,8
3172,150,22.0,6
3173,790,63.0,39
3174,390,28.0,21
3175,800,66.0,39
3176,400,30.0,22
3177,750,61.0,39
3178,410,27.0,25
3179,770,59.0,40
3180,430,27.0,26
3181,100,23.0,0
3182,560,56.0,27
3183,420,37.0,23
3184,480,43.0,27
3185,420,48.0,18
3186,250,32.0,13
3187,1090,111.0,56
3188,1150,116.0,60
3189,740,51.0,48
3190,800,56.0,52
3191,540,45.0,29
3192,460,37.0,24
3193,510,38.0,28
3194,120,9.0,7
3195,140,11.0,8
3196,180,13.0,10
3197,100,15.0,5
3198,120,18.0,6
3199,150,22.0,8
3200,200,32.0,5
3201,240,41.0,6
3202,290,49.0,8
3203,230,35.0,7
3204,280,43.0,8
3205,330,52.0,9
3206,360,47.0,14
3207,290,39.0,12
3208,250,33.0,11
3209,300,33.0,12
3210,190,12.0,12
3211,280,18.0,18
3212,470,30.0,30
3213,400,23.0,24
3214,660,39.0,40
3215,330,35.0,15
3216,260,28.0,9
3217,160,21.0,8
3218,580,94.0,17
3219,720,119.0,20
3220,880,147.0,24
3221,440,76.0,10
3222,580,102.0,14
3223,770,134.0,18
3224,1160,203.0,27
3225,460,66.0,19
3226,0,0.0,0
3227,0,0.0,0
3228,440,34.0,23
3229,740,40.0,42
3230,300,30.0,12
3231,160,27.0,3
3232,380,38.0,18
3233,450,61.0,20
3234,550,76.0,24
3235,680,94.0,29
3236,450,62.0,20
3237,560,78.0,24
3238,680,96.0,28
3239,290,57.0,4
3240,260,48.0,4
3241,160,31.0,2
3242,250,31.0,9
3243,150,15.0,9
3244,200,34.0,5
3245,240,42.0,6
3246,290,51.0,8
3247,230,36.0,7
3248,280,45.0,8
3249,330,53.0,9
3250,330,34.0,16
3251,260,27.0,9
3252,340,60.0,8
3253,300,41.0,12
3254,380,53.0,15
3255,460,63.0,18
3256,250,43.0,5
3257,310,55.0,6
3258,390,68.0,6
3259,330,54.0,10
3260,350,60.0,9
3261,520,61.0,24
3262,160,29.0,3
3263,180,31.0,4
3264,230,40.0,6
3265,380,48.0,16
3266,300,36.0,14
3267,240,29.0,12
3268,130,21.0,5
3269,190,27.0,8
3270,270,41.0,11
3271,130,21.0,5
3272,190,29.0,8
3273,270,43.0,11
3274,140,22.0,5
3275,200,30.0,8
3276,280,45.0,11
3277,130,21.0,5
3278,190,29.0,8
3279,270,43.0,11
3280,60,8.0,5
3281,90,11.0,8
3282,120,16.0,11
3283,160,31.0,3
3284,180,33.0,4
3285,230,41.0,6
3286,80,6.0,4
3287,100,8.0,6
3288,140,10.0,8
3289,60,12.0,3
3290,90,14.0,5
3291,110,19.0,6
3292,310,42.0,13
3293,270,43.0,8
3294,140,30.0,0
3295,150,32.0,0
3296,190,40.0,0
3297,300,49.0,6
3298,240,37.0,6
3299,200,29.0,6
3300,140,32.0,0
3301,150,33.0,0
3302,190,42.0,0
3303,50,7.0,0
3304,60,9.0,0
3305,70,11.0,0
3306,40,13.0,0
3307,50,14.0,0
3308,60,19.0,0
3309,140,31.0,0
3310,150,33.0,0
3311,190,41.0,0
3312,160,31.0,3
3313,190,33.0,4
3314,230,41.0,6
3315,45,8.0,1
3316,500,63.0,25
3317,150,11.0,8
3318,180,13.0,10
3319,210,16.0,11
3320,130,17.0,7
3321,160,21.0,8
3322,180,25.0,10
3323,70,15.0,0
3324,330,26.0,19
3325,360,40.0,16
3326,260,43.0,8
3327,390,33.0,19
3328,710,105.0,25
3329,580,89.0,19
3330,500,44.0,26
3331,610,44.0,36
3332,380,48.0,19
3333,280,40.0,11
3334,330,48.0,12
3335,400,58.0,14
3336,240,41.0,5
3337,280,50.0,6
3338,330,58.0,6
3339,60,9.0,0
3340,80,12.0,0
3341,90,13.0,0
3342,50,15.0,0
3343,70,19.0,0
3344,80,22.0,0
3345,150,33.0,0
3346,190,41.0,0
3347,230,49.0,0
3348,170,36.0,0
3349,220,45.0,0
3350,260,53.0,0
3351,280,49.0,4
3352,240,41.0,4
3353,200,34.0,4
3354,150,34.0,0
3355,190,43.0,0
3356,230,51.0,0
3357,180,37.0,0
3358,220,46.0,0
3359,260,55.0,0
3360,90,13.0,0
3361,110,15.0,0
3362,120,18.0,0
3363,80,18.0,0
3364,90,22.0,0
3365,110,27.0,0
3366,150,34.0,0
3367,190,42.0,0
3368,230,51.0,0
3369,180,37.0,0
3370,220,46.0,0
3371,260,55.0,0
3372,150,22.0,6
3373,590,1.0,33
3374,300,1.0,16
3375,410,1.0,20
3376,750,113.0,29
3377,340,53.0,13
3378,35,0.0,3
3379,780,86.0,44
3380,15,0.0,1
3381,240,50.0,5
3382,980,55.0,57
3383,990,22.0,76
3384,140,11.0,10
3385,270,20.0,16
3386,1600,216.0,73
3387,110,0.0,2
3388,240,1.0,20
3389,140,4.0,9
3390,30,0.0,0
3391,410,8.0,38
3392,330,8.0,30
3393,240,16.0,17
3394,760,73.0,48
3395,740,60.0,41
3396,1020,82.0,53
3397,150,28.0,2
3398,950,173.0,13
3399,560,10.0,54
3400,890,64.0,54
3401,650,82.0,18
3402,480,78.0,11
3403,840,141.0,17
3404,200,17.0,9
3405,600,46.0,36
3406,420,64.0,10
3407,290,43.0,8
3408,530,64.0,18
3409,660,84.0,22
3410,600,65.0,22
3411,790,88.0,28
3412,1060,71.0,58
3413,250,29.0,8
3414,1440,80.0,88
3415,910,71.0,52
3416,1440,103.0,82
3417,1310,164.0,46
3418,550,63.0,20
3419,770,59.0,37
3420,570,67.0,18
3421,1090,79.0,49
3422,740,57.0,38
3423,1070,88.0,53
3424,760,53.0,39
3425,290,23.0,21
3426,210,44.0,2
3427,930,148.0,22
3428,270,25.0,18
3429,850,98.0,35
3430,620,70.0,26
3431,850,98.0,35
3432,180,35.0,1
3433,800,69.0,48
3434,1220,99.0,75
3435,190,10.0,15
3436,770,89.0,32
3437,1050,112.0,48
3438,290,23.0,20
3439,130,19.0,4
3440,220,12.0,18
3441,200,22.0,10
3442,40,10.0,0
3443,610,19.0,40
3444,560,53.0,23
3445,760,47.0,44
3446,570,52.0,25
3447,1070,76.0,51
3448,870,78.0,29
3449,1320,91.0,80
3450,810,74.0,44
3451,990,83.0,54
3452,580,50.0,26
3453,510,5.0,26
3454,510,5.0,26
3455,650,68.0,31
3456,390,59.0,6
3457,250,49.0,4
3458,580,35.0,32
3459,850,39.0,47
3460,1030,82.0,63
3461,840,65.0,49
3462,1170,90.0,68
3463,610,69.0,35
3464,230,28.0,13
3465,310,55.0,4
3466,430,76.0,6
3467,340,58.0,6
3468,70,9.0,2
3469,35,4.0,1
3470,100,6.0,5
3471,670,56.0,22
3472,100,18.0,1
3473,750,24.0,23
3474,830,72.0,28
3475,640,27.0,19
3476,180,13.0,8
3477,690,40.0,35
3478,760,54.0,38
3479,1060,65.0,65
3480,590,42.0,25
3481,120,3.0,10
3482,300,6.0,30
3483,130,17.0,2
3484,190,43.0,0
3485,200,38.0,1
3486,490,97.0,8
3487,370,73.0,6
3488,520,98.0,10
3489,370,72.0,7
3490,480,64.0,15
3491,450,53.0,19
3492,670,74.0,30
3493,330,22.0,16
3494,370,26.0,22
3495,370,42.0,20
3496,35,4.0,1
3497,300,6.0,30
3498,360,39.0,16
3499,45,6.0,1
3500,440,32.0,27
3501,280,15.0,19
3502,670,59.0,36
3503,1020,88.0,52
3504,480,35.0,16
3505,800,85.0,33
3506,840,67.0,42
3507,630,57.0,31
3508,510,79.0,9
3509,730,110.0,12
3510,600,39.0,37
3511,500,43.0,22
3512,230,45.0,1
3513,940,72.0,48
3514,180,34.0,1
3515,830,61.0,44
3516,1270,97.0,67
3517,680,63.0,30
3518,920,98.0,36
3519,550,59.0,21
3520,710,94.0,22
3521,1310,82.0,73
3522,500,41.0,21
3523,590,62.0,20
3524,15,2.0,0
3525,210,27.0,11
3526,200,45.0,0
3527,800,40.0,36
3528,280,15.0,19
3529,190,26.0,8
3530,510,48.0,32
3531,70,8.0,3
3532,1450,97.0,74
3533,1450,97.0,74
3534,700,73.0,41
3535,290,34.0,4
3536,400,34.0,7
3537,730,104.0,32
3538,890,70.0,62
3539,190,35.0,1
3540,190,43.0,0
3541,920,131.0,35
3542,170,24.0,4
3543,416,31.0,9
3544,404,30.0,12
3545,489,14.0,27
3546,1042,36.0,75
3547,391,22.0,24
3548,471,24.0,32
3549,784,13.0,49
3550,327,23.0,22
3551,427,27.0,31
3552,856,46.0,55
3553,1276,48.0,101
3554,1302,64.0,99
3555,969,72.0,56
3556,1298,54.0,102
3557,543,19.0,29
3558,963,20.0,76
3559,988,36.0,73
3560,1044,26.0,83
3561,770,19.0,56
3562,961,21.0,76
3563,656,44.0,30
3564,984,26.0,76
3565,384,49.0,19
3566,670,19.0,43
3567,1156,23.0,77
3568,325,19.0,27
3569,225,4.0,21
3570,561,28.0,44
3571,526,41.0,27
3572,342,14.0,29
3573,725,21.0,42
3574,571,34.0,41
3575,690,52.0,39
3576,381,41.0,23
3577,160,12.0,8
3578,472,28.0,29
3579,401,21.0,7
3580,389,33.0,26
3581,419,16.0,37
3582,167,11.0,12
3583,207,20.0,11
3584,230,49.0,1
3585,563,17.0,38
3586,475,24.0,25
3587,632,3.0,43
3588,849,51.0,51
3589,736,16.0,59
3590,388,4.0,27
3591,96,11.0,3
3592,109,9.0,8
3593,55,6.0,3
3594,514,9.0,28
3595,305,32.0,17
3596,52,3.0,4
3597,269,30.0,12
3598,709,41.0,39
3599,305,10.0,3
3600,147,0.0,2
3601,441,43.0,12
3602,210,8.0,10
3603,246,17.0,16
3604,147,12.0,8
3605,616,32.0,31
3606,214,5.0,21
3607,171,15.0,10
3608,381,16.0,34
3609,394,24.0,32
3610,422,19.0,37
3611,380,17.0,34
3612,228,28.0,11
3613,392,19.0,34
3614,188,0.0,6
3615,364,2.0,26
3616,324,2.0,24
3617,448,2.0,27
3618,607,63.0,25
3619,545,0.0,35
3620,764,0.0,49
3621,606,2.0,39
3622,880,73.0,51
3623,1320,79.0,70
3624,1330,83.0,71
3625,1315,93.0,70
3626,1306,86.0,71
3627,1206,97.0,69
3628,1291,96.0,70
3629,977,84.0,54
3630,387,2.0,25
3631,508,0.0,25
3632,254,0.0,13
3633,381,0.0,19
3634,1009,4.0,71
3635,519,3.0,24
3636,690,3.0,32
3637,349,2.0,16
3638,544,0.0,35
3639,762,0.0,49
3640,554,13.0,28
3641,297,46.0,10
3642,200,15.0,10
3643,125,9.0,7
3644,181,12.0,12
3645,472,37.0,12
3646,323,13.0,8
3647,715,20.0,36
3648,755,17.0,42
3649,496,29.0,24
3650,500,17.0,29
3651,588,20.0,30
3652,627,17.0,35
3653,282,17.0,19
3654,157,19.0,8
3655,444,41.0,29
3656,303,14.0,9
3657,318,63.0,5
3658,445,57.0,23
3659,364,74.0,5
3660,419,66.0,16
3661,465,77.0,16
3662,479,46.0,31
3663,694,65.0,30
3664,1027,50.0,71
3665,686,39.0,40
3666,790,40.0,49
3667,855,40.0,55
3668,218,0.0,9
3669,301,0.0,12
3670,219,24.0,8
3671,174,19.0,7
3672,564,23.0,41
3673,436,25.0,29
3674,483,25.0,36
3675,329,17.0,25
3676,343,25.0,23
3677,483,38.0,33
3678,466,28.0,31
3679,295,43.0,9
3680,442,65.0,14
3681,469,4.0,38
3682,512,5.0,43
3683,517,5.0,43
3684,493,5.0,41
3685,552,3.0,28
3686,733,4.0,37
3687,529,49.0,18
3688,371,17.0,12
3689,360,13.0,19
3690,690,57.0,40
3691,200,13.0,10
3692,120,13.0,4
3693,200,16.0,12
3694,220,23.0,11
3695,490,65.0,22
3696,190,24.0,8
3697,260,26.0,13
3698,310,20.0,24
3699,32,7.0,0
3700,530,82.0,16
3701,390,39.0,19
3702,370,27.0,23
3703,100,12.0,3
3704,210,19.0,6
3705,240,13.0,14
3706,310,8.0,16
3707,35,7.0,0
3708,70,13.0,0
3709,180,10.0,9
3710,420,43.0,21
3711,170,18.0,5
3712,190,19.0,9
3713,380,86.0,0
3714,160,12.0,6
3715,380,40.0,17
3716,390,44.0,21
3717,440,53.0,18
3718,160,22.0,7
3719,120,22.0,1
3720,80,15.0,1
3721,370,33.0,20
3722,630,57.0,34
3723,510,56.0,18
3724,340,38.0,12
3725,80,21.0,0
3726,450,80.0,12
3727,330,55.0,6
3728,610,54.0,28
3729,490,54.0,19
3730,650,55.0,32
3731,160,22.0,4
3732,160,23.0,4
3733,510,43.0,25
3734,130,26.0,2
3735,350,33.0,21
3736,250,24.0,15
3737,550,68.0,28
3738,330,68.0,1
3739,340,31.0,15
3740,0,0.0,0
3741,0,0.0,0
3742,0,0.0,0
3743,0,0.0,0
3744,300,21.0,19
3745,200,14.0,12
3746,120,11.0,4
3747,380,50.0,16
3748,420,59.0,19
3749,120,11.0,4
3750,600,97.0,22
3751,420,53.0,18
3752,590,86.0,24
3753,200,33.0,4
3754,400,44.0,22
3755,430,60.0,18
3756,70,2.0,6
3757,130,4.0,11
3758,370,69.0,6
3759,320,46.0,14
3760,440,59.0,23
3761,110,15.0,6
3762,410,47.0,23
3763,150,27.0,2
3764,610,76.0,30
3765,470,53.0,25
3766,220,25.0,12
3767,430,80.0,8
3768,170,32.0,3
3769,630,91.0,24
3770,320,64.0,2
3771,650,122.0,13
3772,5,0.0,0
3773,5,0.0,0
3774,5,0.0,0
3775,5,0.0,0
3776,5,0.0,0
3777,5,0.0,0
3778,220,32.0,9
3779,140,27.0,0
3780,140,28.0,0
3781,480,71.0,19
3782,310,29.0,17
3783,220,20.0,12
3784,380,36.0,23
3785,300,29.0,18
3786,470,76.0,18
3787,160,16.0,9
3788,460,62.0,22
3789,390,43.0,15
3790,300,59.0,2
3791,180,28.0,4
3792,160,23.0,5
3793,480,37.0,29
3794,150,30.0,1
3795,180,36.0,1
3796,300,32.0,17
3797,140,28.0,0
3798,210,25.0,10
3799,180,20.0,9
3800,350,67.0,5
3801,670,69.0,31
3802,360,45.0,17
3803,60,17.0,0
3804,700,64.0,27
3805,450,33.0,24
3806,800,83.0,29
3807,500,50.0,22
3808,390,25.0,27
3809,510,29.0,29
3810,720,69.0,32
3811,830,72.0,37
3812,500,11.0,36
3813,790,35.0,54
3814,170,18.0,11
3815,860,87.0,36
3816,850,79.0,38
3817,560,36.0,34
3818,370,14.0,34
3819,980,95.0,41
3820,580,29.0,38
3821,590,96.0,13
3822,690,90.0,26
3823,780,78.0,33
3824,550,16.0,39
3825,820,38.0,57
3826,920,79.0,49
3827,590,64.0,17
3828,420,66.0,3
3829,710,68.0,26
3830,970,111.0,33
3831,880,96.0,32
3832,470,45.0,19
3833,770,96.0,29
3834,510,65.0,16
3835,350,32.0,14
3836,230,17.0,12
3837,400,42.0,14
3838,250,25.0,11
3839,200,13.0,14
3840,260,14.0,15
3841,360,35.0,16
3842,420,36.0,19
3843,250,5.0,18
3844,390,17.0,27
3845,80,9.0,5
3846,430,44.0,18
3847,430,39.0,19
3848,280,18.0,17
3849,190,7.0,17
3850,490,47.0,21
3851,290,15.0,19
3852,300,48.0,6
3853,340,45.0,13
3854,390,39.0,17
3855,270,8.0,20
3856,410,19.0,28
3857,460,39.0,25
3858,290,32.0,8
3859,210,33.0,1
3860,360,34.0,13
3861,480,56.0,16
3862,440,48.0,16
3863,230,22.0,10
3864,380,48.0,15
3865,260,33.0,8
3866,490,37.0,30
3867,170,30.0,3
3868,380,50.0,16
3869,220,38.0,6
3870,160,26.0,3
3871,130,33.0,0
3872,310,56.0,3
3873,590,57.0,25
3874,470,57.0,16
3875,630,58.0,29
3876,500,57.0,17
3877,160,41.0,0
3878,300,65.0,1
3879,150,26.0,5
3880,100,18.0,3
3881,230,51.0,1
3882,260,59.0,1
3883,290,67.0,1
3884,240,50.0,2
3885,170,35.0,2
3886,330,61.0,10
3887,410,47.0,15
3888,400,66.0,14
3889,570,94.0,20
3890,630,27.0,54
3891,420,18.0,36
3892,390,62.0,14
3893,200,46.0,0
3894,110,26.0,0
3895,550,81.0,21
3896,180,27.0,7
3897,120,29.0,0
3898,170,25.0,5
3899,120,12.0,4
3900,320,35.0,10
3901,300,35.0,9
3902,290,35.0,8
3903,360,46.0,13
3904,490,37.0,30
3905,60,11.0,0
3906,410,56.0,18
3907,160,19.0,8
3908,230,30.0,10
3909,470,53.0,26
3910,740,89.0,40
3911,5,1.0,0
3912,290,59.0,1
3913,100,1.0,10
3914,180,2.0,18
3915,290,45.0,11
3916,590,91.0,22
3917,80,3.0,6
3918,140,6.0,11
3919,400,37.0,25
3920,90,18.0,2
3921,260,26.0,15
3922,340,49.0,7
3923,170,2.0,2
3924,440,16.0,27
3925,160,5.0,9
3926,280,7.0,21
3927,210,8.0,14
3928,420,13.0,27
3929,170,5.0,10
3930,260,8.0,18
3931,210,8.0,14
3932,290,21.0,17
3933,260,30.0,14
3934,770,89.0,41
3935,170,25.0,5
3936,510,75.0,15
3937,460,27.0,29
3938,140,21.0,4
3939,220,20.0,11
3940,490,47.0,26
3941,1190,65.0,80
3942,660,61.0,34
3943,220,19.0,15
3944,660,58.0,46
3945,190,37.0,2
3946,690,43.0,45
3947,510,41.0,29
3948,40,6.0,1
3949,120,18.0,4
3950,370,80.0,5
3951,360,41.0,20
3952,320,40.0,6
3953,350,41.0,19
3954,310,33.0,13
3955,200,26.0,7
3956,600,78.0,21
3957,310,32.0,19
3958,110,18.0,4
3959,330,54.0,12
3960,340,26.0,14
3961,280,51.0,7
3962,150,10.0,9
3963,230,14.0,14
3964,280,25.0,19
3965,560,50.0,38
3966,830,74.0,56
3967,330,28.0,9
3968,230,23.0,14
3969,690,69.0,42
3970,510,42.0,33
3971,540,41.0,36
3972,690,66.0,42
3973,410,52.0,21
3974,310,16.0,15
3975,1060,101.0,48
3976,780,73.0,36
3977,500,46.0,23
3978,970,82.0,47
3979,1350,113.0,65
3980,590,51.0,29
3981,680,5.0,28
3982,380,3.0,16
3983,260,25.0,11
3984,1050,115.0,41
3985,770,84.0,30
3986,500,52.0,20
3987,220,24.0,9
3988,740,106.0,22
3989,270,24.0,14
3990,180,17.0,9
3991,1210,104.0,54
3992,870,75.0,40
3993,530,47.0,25
3994,810,60.0,39
3995,460,34.0,23
3996,1280,95.0,61
3997,920,69.0,44
3998,550,43.0,27
3999,210,26.0,7
4000,140,19.0,4
4001,840,115.0,24
4002,430,40.0,17
4003,280,27.0,11
4004,400,54.0,20
4005,510,73.0,22
4006,1150,99.0,61
4007,850,72.0,45
4008,540,45.0,29
4009,620,13.0,52
4010,310,7.0,26
4011,930,66.0,60
4012,1110,102.0,52
4013,810,75.0,38
4014,520,47.0,25
4015,1200,101.0,66
4016,880,74.0,48
4017,560,48.0,30
4018,750,60.0,36
4019,430,34.0,21
4020,510,56.0,29
4021,260,28.0,14
4022,820,109.0,37
4023,1080,114.0,46
4024,770,81.0,33
4025,480,51.0,21
4026,720,27.0,56
4027,360,14.0,28
4028,1030,80.0,64
4029,790,3.0,45
4030,480,2.0,28
4031,550,18.0,50
4032,350,10.0,32
4033,860,71.0,58
4034,1020,98.0,57
4035,760,75.0,41
4036,480,47.0,25
4037,260,31.0,10
4038,340,66.0,8
4039,1250,104.0,72
4040,950,77.0,56
4041,360,28.0,21
4042,590,48.0,35
4043,770,18.0,63
4044,390,9.0,32
4045,1080,71.0,71
4046,1190,99.0,53
4047,850,72.0,38
4048,510,45.0,24
4049,330,27.0,19
4050,740,15.0,62
4051,370,7.0,31
4052,1050,68.0,70
4053,1110,99.0,57
4054,810,72.0,42
4055,520,45.0,26
4056,1080,98.0,43
4057,770,71.0,31
4058,450,44.0,18
4059,1110,99.0,57
4060,890,80.0,45
4061,560,50.0,28
4062,190,26.0,9
4063,250,24.0,12
4064,610,61.0,25
4065,360,35.0,15
4066,980,99.0,44
4067,720,72.0,32
4068,450,45.0,20
4069,260,29.0,11
4070,1160,106.0,57
4071,850,77.0,42
4072,540,49.0,27
4073,250,25.0,10
4074,500,68.0,24
4075,990,98.0,42
4076,730,71.0,31
4077,470,45.0,20
4078,1029,69.0,59
4079,202,31.0,0
4080,350,39.0,0
4081,1315,60.0,98
4082,812,64.0,44
4083,1117,83.0,67
4084,726,40.0,37
4085,381,40.0,17
4086,353,66.0,0
4087,376,49.0,18
4088,686,52.0,33
4089,1001,70.0,57
4090,763,56.0,44
4091,671,55.0,30
4092,1696,100.0,121
4093,931,54.0,60
4094,851,69.0,43
4095,829,53.0,43
4096,295,36.0,12
4097,420,42.0,22
4098,260,43.0,0
4099,152,0.0,4
4100,372,19.0,22
4101,568,33.0,26
4102,676,52.0,29
4103,414,32.0,20
4104,207,16.0,10
4105,1370,109.0,88
4106,695,50.0,43
4107,347,25.0,22
4108,1440,139.0,84
4109,471,73.0,18
4110,378,59.0,15
4111,509,83.0,18
4112,437,71.0,16
4113,1230,91.0,73
4114,410,28.0,25
4115,479,66.0,24
4116,240,40.0,0
4117,471,73.0,18
4118,378,59.0,15
4119,666,99.0,18
4120,271,33.0,15
4121,586,83.0,27
4122,426,62.0,18
4123,334,48.0,15
4124,414,60.0,18
4125,323,45.0,15
4126,1452,100.0,92
4127,1067,69.0,70
4128,252,23.0,18
4129,1117,101.0,60
4130,608,62.0,29
4131,912,70.0,54
4132,1450,86.0,97
4133,360,47.0,0
4134,579,24.0,36
4135,720,24.0,38
4136,280,31.0,0
4137,126,32.0,0
4138,68,17.0,0
4139,508,45.0,25
4140,254,22.0,13
4141,479,74.0,13
4142,169,18.0,0
4143,390,74.0,0
4144,274,45.0,0
4145,463,67.0,0
4146,174,20.0,0
4147,203,25.0,0
4148,934,54.0,60
4149,430,31.0,29
4150,646,35.0,34
4151,569,52.0,22
4152,642,50.0,37
4153,314,76.0,2
4154,780,87.0,46
4155,1052,56.0,64
4156,431,100.0,3
4157,784,165.0,13
4158,800,111.0,36
4159,115,10.0,3
4160,1256,148.0,56
4161,603,48.0,33
4162,670,42.0,50
4163,773,49.0,61
4164,725,50.0,56
4165,320,44.0,12
4166,653,71.0,38
4167,435,15.0,39
4168,453,56.0,15
4169,938,77.0,53
4170,1136,78.0,60
4171,313,38.0,11
4172,725,50.0,56
4173,20,8.0,0
4174,471,73.0,18
4175,378,59.0,15
4176,509,83.0,18
4177,274,39.0,9
4178,437,71.0,16
4179,80,21.0,0
4180,31,8.0,0
4181,28,7.0,0
4182,61,15.0,0
4183,220,16.0,12
4184,479,66.0,24
4185,471,73.0,18
4186,378,59.0,15
4187,666,99.0,18
4188,271,33.0,15
4189,586,83.0,27
4190,138,30.0,3
4191,300,6.0,30
4192,20,4.0,0
4193,38,7.0,1
4194,217,30.0,9
4195,426,62.0,18
4196,334,48.0,15
4197,122,30.0,0
4198,376,49.0,18
4199,414,60.0,18
4200,323,45.0,15
4201,207,49.0,2
4202,300,69.0,2
4203,112,29.0,0
4204,422,8.0,27
4205,61,15.0,0
4206,648,43.0,44
4207,800,43.0,47
4208,790,43.0,48
4209,800,43.0,47
4210,865,43.0,51
4211,815,129.0,30
4212,904,148.0,31
4213,815,129.0,30
4214,1105,168.0,30
4215,749,113.0,30
4216,757,113.0,31
4217,883,127.0,40
4218,646,99.0,27
4219,735,118.0,28
4220,848,120.0,42
4221,646,99.0,27
4222,936,138.0,27
4223,579,83.0,27
4224,588,83.0,28
4225,1373,184.0,63
4226,1963,132.0,129
4227,2090,133.0,131
4228,571,52.0,24
4229,280,24.0,0
4230,291,48.0,0
4231,576,83.0,0
4232,191,22.0,0
4233,251,36.0,0
4234,197,24.0,0
4235,395,73.0,0
4236,427,43.0,24
4237,255,45.0,0
4238,103,26.0,0
4239,180,19.0,0
4240,96,23.0,0
4241,1008,74.0,55
4242,957,57.0,55
4243,302,28.0,6
4244,282,40.0,6
4245,286,28.0,12
4246,403,29.0,22
4247,289,39.0,4
4248,550,82.0,0
4249,103,26.0,0
4250,1036,52.0,69
4251,434,60.0,18
4252,297,56.0,2
4253,605,58.0,27
4254,551,26.0,32
4255,276,13.0,16
4256,690,58.0,35
4257,1139,87.0,69
4258,1126,52.0,83
4259,1076,4.0,84
4260,357,51.0,0
4261,961,58.0,56
4262,280,32.0,0
4263,313,21.0,21
4264,567,45.0,22
4265,420,51.0,8
4266,1170,128.0,45
4267,870,43.0,55
4268,1030,128.0,42
4269,30,6.0,0
4270,40,9.0,0
4271,225,35.0,0
4272,240,29.0,0
4273,240,28.0,0
4274,900,65.0,47
4275,1037,68.0,62
4276,1770,171.0,112
4277,1921,121.0,117
4278,180,2.0,0
4279,280,4.0,15
4280,100,1.0,1
4281,880,14.0,79
4282,230,21.0,11
4283,5,1.0,0
4284,800,53.0,46
4285,560,4.0,59
4286,150,11.0,0
4287,120,7.0,0
4288,680,23.0,56
4289,200,14.0,0
4290,130,31.0,0
4291,430,20.0,25
4292,10,2.0,0
4293,460,30.0,34
4294,420,11.0,39
4295,160,8.0,13
4296,850,58.0,51
4297,15,3.0,0
4298,340,61.0,6
4299,340,55.0,11
4300,480,10.0,40
4301,920,62.0,61
4302,1260,101.0,68
4303,460,56.0,15
4304,930,111.0,31
4305,780,39.0,68
4306,810,61.0,35
4307,940,74.0,57
4308,1180,55.0,81
4309,380,25.0,20
4310,650,58.0,37
4311,470,22.0,32
4312,1440,24.0,115
4313,0,0.0,0
4314,140,36.0,0
4315,820,41.0,72
4316,790,20.0,66
4317,950,76.0,56
4318,910,115.0,33
4319,450,91.0,4
4320,1180,91.0,73
4321,1470,94.0,88
4322,1350,91.0,87
4323,1670,77.0,113
4324,110,9.0,8
4325,5,1.0,0
4326,270,14.0,20
4327,260,36.0,12
4328,290,40.0,12
4329,150,36.0,2
4330,400,91.0,2
4331,360,42.0,18
4332,350,43.0,6
4333,410,38.0,11
4334,1110,71.0,68
4335,380,41.0,9
4336,460,31.0,31
4337,300,26.0,13
4338,990,114.0,56
4339,290,33.0,0
4340,430,2.0,39
4341,1100,100.0,52
4342,720,46.0,38
4343,580,65.0,33
4344,440,28.0,12
4345,440,28.0,12
4346,110,7.0,0
4347,170,47.0,0
4348,710,39.0,41
4349,630,66.0,29
4350,990,45.0,78
4351,1510,96.0,98
4352,440,52.0,0
4353,840,101.0,31
4354,480,11.0,37
4355,1010,33.0,71
4356,150,4.0,16
4357,150,46.0,0
4358,1190,95.0,70
4359,960,91.0,55
4360,900,52.0,62
4361,760,61.0,52
4362,1370,58.0,91
4363,570,29.0,36
4364,400,2.0,37
4365,790,61.0,57
4366,930,53.0,58
4367,1550,99.0,104
4368,1320,118.0,58
4369,1010,111.0,42
4370,480,89.0,6
4371,450,91.0,4
4372,1160,110.0,49
4373,440,48.0,17
4374,290,4.0,3
4375,1140,103.0,55
4376,560,31.0,22
4377,130,31.0,0
4378,190,16.0,12
4379,190,16.0,12
4380,190,15.0,10
4381,980,97.0,41
4382,320,45.0,27
4383,740,62.0,45
4384,290,9.0,19
4385,450,91.0,4
4386,290,3.0,16
4387,1060,83.0,50
4388,220,18.0,10
4389,220,18.0,10
4390,25,1.0,2
4391,5,2.0,0
4392,15,1.0,1
4393,600,52.0,25
4394,260,2.0,18
4395,1030,36.0,80
4396,0,0.0,0
4397,170,14.0,8
4398,170,14.0,8
4399,180,0.0,15
4400,900,57.0,60
4401,650,41.0,47
4402,160,8.0,13
4403,110,9.0,8
4404,700,59.0,48
4405,1180,77.0,66
4406,10,2.0,0
4407,160,39.0,0
4408,390,35.0,0
4409,340,61.0,6
4410,420,48.0,16
4411,460,51.0,23
4412,310,46.0,9
4413,1240,92.0,66
4414,370,17.0,29
4415,640,21.0,66
4416,690,54.0,48
4417,1320,81.0,73
4418,340,17.0,25
4419,130,31.0,0
4420,530,52.0,23
4421,1060,105.0,46
4422,490,88.0,7
4423,910,83.0,46
4424,150,5.0,0
4425,840,81.0,51
4426,1017,60.0,65
4427,401,3.0,20
4428,401,3.0,20
4429,61,1.0,1
4430,244,4.0,4
4431,115,12.0,5
4432,417,14.0,25
4433,506,16.0,29
4434,936,56.0,47
4435,968,57.0,61
4436,1007,58.0,67
4437,376,14.0,24
4438,1503,57.0,95
4439,712,41.0,40
4440,465,32.0,28
4441,259,52.0,2
4442,259,52.0,2
4443,418,54.0,17
4444,295,16.0,4
4445,390,25.0,9
4446,1007,58.0,58
4447,1262,23.0,53
4448,148,5.0,0
4449,162,28.0,3
4450,162,28.0,3
4451,265,5.0,10
4452,541,77.0,23
4453,918,129.0,40
4454,607,14.0,53
4455,1066,28.0,90
4456,1165,82.0,72
4457,1204,73.0,79
4458,466,17.0,39
4459,202,35.0,5
4460,202,35.0,5
4461,888,70.0,49
4462,763,89.0,36
4463,930,76.0,44
4464,1101,52.0,46
4465,325,45.0,16
4466,564,5.0,29
4467,1521,96.0,92
4468,1674,80.0,96
4469,1253,88.0,64
4470,405,8.0,18
4471,405,8.0,18
4472,500,17.0,23
4473,898,70.0,48
4474,397,10.0,19
4475,113,4.0,5
4476,1053,86.0,41
4477,200,22.0,8
4478,180,24.0,9
4479,500,29.0,24
4480,947,58.0,61
4481,300,14.0,20
4482,1099,17.0,47
4483,1137,194.0,34
4484,136,14.0,8
4485,136,14.0,8
4486,136,14.0,8
4487,240,0.0,10
4488,240,0.0,10
4489,335,9.0,15
4490,1220,179.0,53
4491,806,73.0,35
4492,813,114.0,36
4493,402,2.0,21
4494,178,4.0,11
4495,288,18.0,14
4496,396,55.0,18
4497,701,58.0,39
4498,78,5.0,5
4499,78,5.0,5
4500,45,5.0,2
4501,45,5.0,2
4502,45,5.0,2
4503,41,4.0,2
4504,41,4.0,2
4505,41,4.0,2
4506,293,28.0,19
4507,53,7.0,2
4508,53,7.0,2
4509,53,7.0,2
4510,53,7.0,2
4511,203,9.0,0
4512,203,9.0,0
4513,203,8.0,0
4514,195,12.0,0
4515,195,12.0,0
4516,199,8.0,0
4517,199,8.0,0
4518,206,16.0,0
4519,206,16.0,0
4520,203,8.0,0
4521,101,10.0,4
4522,110,12.0,5
4523,110,12.0,5
4524,795,48.0,28
4525,795,48.0,28
4526,463,43.0,17
4527,291,0.0,17
4528,386,9.0,22
4529,142,10.0,2
4530,142,10.0,2
4531,94,9.0,3
4532,94,9.0,3
4533,142,9.0,2
4534,137,9.0,2
4535,137,9.0,2
4536,142,10.0,2
4537,142,10.0,2
4538,142,9.0,2
4539,401,11.0,24
4540,40,10.0,0
4541,990,110.0,56
4542,625,99.0,12
4543,736,62.0,43
4544,96,4.0,7
4545,385,15.0,29
4546,81,0.0,6
4547,161,0.0,13
4548,242,0.0,19
4549,779,58.0,46
4550,282,19.0,11
4551,434,27.0,21
4552,464,18.0,33
4553,444,41.0,23
4554,664,76.0,31
4555,680,61.0,37
4556,469,86.0,7
4557,405,72.0,7
4558,59,16.0,0
4559,27,7.0,0
4560,112,11.0,7
4561,392,53.0,19
4562,679,58.0,36
4563,541,33.0,35
4564,315,37.0,13
4565,621,62.0,34
4566,560,47.0,29
4567,568,54.0,28
4568,1406,80.0,95
4569,521,32.0,29
4570,560,47.0,29
4571,1090,80.0,62
4572,460,6.0,29
4573,949,79.0,57
4574,934,72.0,54
4575,365,2.0,19
4576,365,2.0,19
4577,365,2.0,19
4578,736,84.0,60
4579,342,37.0,19
4580,1418,111.0,77
4581,1065,88.0,54
4582,1001,75.0,54
4583,152,9.0,0
4584,152,9.0,0
4585,443,24.0,15
4586,443,24.0,15
4587,397,25.0,21
4588,397,25.0,21
4589,284,18.0,14
4590,284,18.0,14
4591,377,23.0,10
4592,377,23.0,10
4593,279,18.0,16
4594,279,18.0,16
4595,678,54.0,36
4596,678,54.0,36
4597,382,3.0,22
4598,462,3.0,28
4599,903,35.0,51
4600,494,3.0,25
4601,494,3.0,25
4602,476,12.0,27
4603,398,20.0,21
4604,398,20.0,21
4605,177,17.0,9
4606,177,17.0,9
4607,397,38.0,19
4608,397,38.0,19
4609,226,0.0,4
4610,289,3.0,12
4611,291,0.0,17
4612,375,4.0,15
4613,94,13.0,2
4614,94,13.0,2
4615,317,28.0,20
4616,285,45.0,11
4617,912,7.0,71
4618,54,6.0,3
4619,54,6.0,3
4620,105,15.0,2
4621,105,15.0,2
4622,915,78.0,53
4623,877,57.0,55
4624,434,7.0,27
4625,140,6.0,10
4626,320,43.0,9
4627,410,45.0,16
4628,470,48.0,21
4629,430,48.0,17
4630,370,45.0,11
4631,580,47.0,31
4632,500,51.0,17
4633,290,46.0,4
4634,390,45.0,13
4635,450,46.0,17
4636,490,46.0,22
4637,570,47.0,28
4638,410,53.0,9
4639,550,53.0,26
4640,360,46.0,12
4641,360,44.0,12
4642,320,44.0,8
4643,350,45.0,9
4644,380,47.0,13
4645,580,60.0,26
4646,410,46.0,16
4647,480,59.0,18
4648,320,47.0,5
4649,320,45.0,5
4650,480,46.0,24
4651,520,46.0,28
4652,400,46.0,11
4653,430,49.0,14
4654,500,51.0,16
4655,380,48.0,10
4656,430,47.0,15
4657,390,47.0,10
4658,310,46.0,4
4659,370,47.0,11
4660,430,48.0,13
4661,470,48.0,17
4662,370,57.0,4
4663,480,44.0,25
4664,280,46.0,3
4665,280,46.0,4
4666,430,48.0,18
4667,380,52.0,8
4668,230,44.0,2
4669,390,46.0,13
4670,350,46.0,9
4671,35,9.0,0
4672,250,23.0,8
4673,260,16.0,19
4674,240,23.0,12
4675,220,23.0,9
4676,190,21.0,7
4677,210,21.0,9
4678,350,17.0,24
4679,400,12.0,29
4680,330,17.0,16
4681,200,32.0,8
4682,180,30.0,2
4683,110,12.0,3
4684,200,22.0,8
4685,180,22.0,5
4686,230,22.0,10
4687,250,22.0,12
4688,390,42.0,16
4689,270,25.0,8
4690,100,12.0,1
4691,220,23.0,3
4692,350,17.0,24
4693,300,15.0,18
4694,300,15.0,18
4695,220,30.0,10
4696,220,30.0,10
4697,200,20.0,11
4698,150,20.0,4
4699,180,16.0,10
4700,220,10.0,4
4701,210,30.0,9
4702,190,21.0,7
4703,170,21.0,5
4704,200,23.0,8
4705,200,23.0,8
4706,510,26.0,36
4707,200,32.0,7
4708,150,15.0,7
4709,90,14.0,2
4710,220,23.0,11
4711,210,32.0,10
4712,90,17.0,1
4713,200,30.0,8
4714,140,10.0,2
4715,220,26.0,12
4716,500,43.0,26
4717,150,18.0,7
4718,200,29.0,9
4719,200,30.0,3
4720,140,11.0,3
4721,490,43.0,25
4722,380,13.0,31
4723,260,13.0,14
4724,300,17.0,16
4725,270,16.0,10
4726,190,22.0,6
4727,210,22.0,8
4728,140,12.0,3
4729,220,28.0,12
4730,220,23.0,8
4731,240,23.0,10
4732,230,32.0,3
4733,110,12.0,2
4734,180,30.0,2
4735,110,12.0,2
4736,250,13.0,16
4737,230,23.0,7
4738,90,15.0,2
4739,150,29.0,1
4740,60,10.0,1
4741,410,44.0,17
4742,220,29.0,11
4743,540,59.0,26
4744,460,53.0,18
4745,510,69.0,19
4746,370,56.0,11
4747,370,56.0,11
4748,550,68.0,22
4749,550,68.0,22
4750,310,75.0,0
4751,250,62.0,0
4752,420,53.0,16
4753,400,52.0,12
4754,390,52.0,13
4755,310,39.0,15
4756,310,39.0,15
4757,370,29.0,21
4758,360,29.0,21
4759,390,31.0,24
4760,480,40.0,27
4761,190,18.0,9
4762,190,18.0,9
4763,290,32.0,17
4764,490,39.0,29
4765,280,29.0,17
4766,280,29.0,17
4767,180,44.0,0
4768,270,66.0,0
4769,530,41.0,28
4770,180,18.0,6
4771,380,41.0,17
4772,380,41.0,17
4773,170,26.0,7
4774,170,26.0,7
4775,150,39.0,0
4776,230,60.0,0
4777,270,31.0,13
4778,270,31.0,13
4779,540,71.0,21
4780,170,12.0,10
4781,170,12.0,10
4782,200,15.0,12
4783,170,13.0,9
4784,200,15.0,11
4785,320,37.0,14
4786,350,40.0,16
4787,340,32.0,14
4788,330,32.0,14
4789,360,34.0,17
4790,580,59.0,29
4791,580,59.0,29
4792,780,74.0,42
4793,730,70.0,35
4794,720,70.0,36
4795,350,57.0,9
4796,350,57.0,9
4797,350,50.0,8
4798,340,50.0,9
4799,150,18.0,3
4800,150,18.0,3
4801,150,13.0,8
4802,150,13.0,8
4803,150,19.0,4
4804,180,20.0,7
4805,270,29.0,10
4806,270,29.0,11
4807,300,31.0,14
4808,430,48.0,18
4809,250,19.0,14
4810,300,75.0,0
4811,250,62.0,0
4812,540,47.0,31
4813,120,20.0,3
4814,270,21.0,14
4815,330,31.0,20
4816,780,79.0,43
4817,440,42.0,25
4818,180,20.0,7
4819,230,22.0,11
4820,200,19.0,9
4821,200,19.0,9
4822,520,41.0,28
4823,280,70.0,0
4824,230,57.0,0
4825,250,30.0,10
4826,780,80.0,41
4827,990,89.0,61
4828,990,89.0,61
4829,230,14.0,16
4830,880,95.0,42
4831,840,92.0,35
4832,820,92.0,36
4833,490,36.0,26
4834,910,51.0,59
4835,240,18.0,13
4836,190,20.0,6
4837,148,11.0,6
4838,60,7.0,2
4839,170,12.0,9
4840,150,12.0,6
4841,200,19.0,9
4842,180,19.0,6
4843,210,21.0,9
4844,440,71.0,10
4845,604,67.0,29
4846,772,57.0,46
4847,523,42.0,32
4848,510,41.0,29
4849,210,12.0,12
4850,496,49.0,25
4851,1567,127.0,97
4852,759,58.0,48
4853,358,32.0,21
4854,823,49.0,51
4855,245,18.0,14
4856,190,18.0,9
4857,190,18.0,9
4858,1043,58.0,75
4859,490,70.0,15
4860,90,18.0,0
4861,180,36.0,0
4862,572,47.0,35
4863,709,48.0,42
4864,210,24.0,11
4865,607,53.0,30
4866,477,43.0,26
4867,170,12.0,9
4868,387,40.0,18
4869,1505,128.0,90
4870,713,59.0,43
4871,327,33.0,18
4872,761,50.0,44
4873,184,19.0,8
4874,180,18.0,7
4875,180,18.0,7
4876,838,53.0,57
4877,237,19.0,11
4878,117,11.0,6
4879,140,31.0,0
4880,280,63.0,0
4881,564,54.0,29
4882,210,19.0,8
4883,230,20.0,11
4884,219,23.0,11
4885,219,23.0,11
4886,560,37.0,32
4887,310,19.0,20
4888,469,83.0,12
4889,1086,105.0,62
4890,274,23.0,15
4891,457,49.0,22
4892,348,39.0,14
4893,392,38.0,20
4894,374,43.0,18
4895,374,43.0,18
4896,143,5.0,10
4897,143,5.0,10
4898,460,47.0,22
4899,230,24.0,10
4900,280,18.0,22
4901,279,10.0,21
4902,634,60.0,34
4903,440,37.0,23
4904,250,19.0,15
4905,235,41.0,6
4906,317,30.0,17
4907,195,51.0,0
4908,325,85.0,0
4909,130,34.0,0
4910,401,32.0,24
4911,450,24.0,30
4912,430,23.0,28
4913,180,10.0,12
4914,170,9.0,11
4915,270,14.0,18
4916,260,14.0,17
4917,570,49.0,27
4918,340,28.0,18
4919,40,9.0,0
4920,670,57.0,32
4921,380,33.0,13
4922,240,20.0,10
4923,540,66.0,21
4924,940,41.0,56
4925,580,43.0,29
4926,310,25.0,14
4927,440,67.0,14
4928,250,18.0,17
4929,530,55.0,28
4930,300,54.0,6
4931,410,31.0,24
4932,350,34.0,19
4933,820,42.0,47
4934,580,42.0,31
4935,1090,43.0,66
4936,460,27.0,25
4937,200,19.0,13
4938,260,25.0,10
4939,510,54.0,20
4940,390,26.0,22
4941,290,26.0,13
4942,350,28.0,19
4943,260,25.0,10
4944,200,32.0,5
4945,200,32.0,5
4946,190,32.0,4
4947,290,26.0,13
4948,220,28.0,11
4949,250,25.0,10
4950,990,195.0,18
4951,270,31.0,8
4952,870,164.0,17
4953,500,65.0,24
4954,590,97.0,15
4955,780,149.0,15
4956,560,93.0,14
4957,410,52.0,20
4958,410,67.0,10
4959,390,65.0,10
4960,480,51.0,23
4961,650,121.0,14
4962,180,20.0,5
4963,580,104.0,0
4964,310,40.0,15
4965,290,48.0,7
4966,540,97.0,12
4967,280,46.0,7
4968,670,41.0,37
4969,320,63.0,3
4970,780,40.0,51
4971,440,28.0,27
4972,330,30.0,16
4973,510,55.0,20
4974,370,43.0,7
4975,220,28.0,11
4976,220,28.0,11
4977,290,53.0,6
