{"#":{"0":1,"1":2,"2":3,"3":4,"4":5,"5":6,"6":7,"7":8,"8":9,"9":10,"10":11,"11":11,"12":12,"13":13,"14":14,"15":15,"16":16,"17":17,"18":18,"19":19,"20":20,"21":21,"22":22,"23":23,"24":23,"25":24},"Original run":{"0":"March 25\u2013April 25, 2002","1":"September 25\u2013November 20, 2002","2":"March 24\u2013May 21, 2003","3":"September 24\u2013November 20, 2003","4":"April 7\u2013May 26, 2004","5":"September 22\u2013November 24, 2004","6":"March 28\u2013May 16, 2005","7":"January 9\u2013February 27, 2006","8":"October 2\u2013November 27, 2006","9":"April 2\u2013May 22, 2007","10":"September 24\u2013November 20, 2007","11":"September 24\u2013November 20, 2007","12":"March 17\u2013May 12, 2008","13":"January 5\u2013March 3, 2009","14":"January 4\u2013March 1, 2010","15":"January 3\u2013March 14, 2011","16":"January 2\u2013March 12, 2012","17":"January 7\u2013March 11, 2013[30]","18":"January 6\u2013March 10, 2014","19":"January 5\u2013March 9, 2015","20":"January 4\u2013March 14, 2016[39]","21":"January 2\u2013March 13, 2017[41]","22":"January 1\u2013March 6, 2018","23":"January 7\u2013March 12, 2019","24":"January 7\u2013March 12, 2019","25":"January 6, 2020[52]"},"Bachelor":{"0":"Alex Michel","1":"Aaron Buerge","2":"Andrew Firestone","3":"Bob Guiney","4":"Jesse Palmer","5":"Byron Velvick","6":"Charlie O'Connell","7":"Travis Lane Stork","8":"Lorenzo Borghese","9":"Andrew Baldwin","10":"Brad Womack","11":"Brad Womack","12":"Matt Grant","13":"Jason Mesnick","14":"Jake Pavelka","15":"Brad Womack[26]","16":"Ben Flajnik[28]","17":"Sean Lowe[31]","18":"Juan Pablo Galavis[35]","19":"Chris Soules[37]","20":"Ben Higgins","21":"Nick Viall[42]","22":"Arie Luyendyk Jr.[44]","23":"Colton Underwood[49]","24":"Colton Underwood[49]","25":"Peter Weber[52]"},"Winner":{"0":"Amanda Marsh","1":"Helene Eksterowicz","2":"Jen Schefft","3":"Estella Gardinier","4":"Jessica Bowlin","5":"Mary Delgado","6":"Sarah Brice","7":"Sarah Stone","8":"Jennifer Wilson","9":"Tessa Horst","10":null,"11":null,"12":"Shayne Lamas","13":"Melissa Rycroft","14":"Vienna Girardi","15":"Emily Maynard","16":"Courtney Robertson","17":"Catherine Giudici","18":"Nikki Ferrell","19":"Whitney Bischoff","20":"Lauren Bushnell","21":"Vanessa Grimaldi","22":"Becca Kufrin","23":"Cassie Randolph","24":"Cassie Randolph","25":"To be announced"},"Runner(s)-up":{"0":"Trista Rehn","1":"Brooke Smith","2":"Kirsten Buschbacher","3":"Kelly Jo Kuharski","4":"Tara Huckeby[10]","5":"Tanya Michel","6":"Krisily Kennedy","7":"Moana Dixon","8":"Sadie Murray","9":"Bevin Nicole Powers","10":"Jenni Croft","11":"DeAnna Pappas","12":"Chelsea Wanstrath","13":"Molly Malaney","14":"Tenley Molzahn","15":"Chantal O'Brien","16":"Lindzi Cox","17":"Lindsay Yenter","18":"Clare Crawley","19":"Becca Tilley","20":"Joelle \"JoJo\" Fletcher","21":"Raven Gates","22":"Lauren Burnham","23":"Hannah Godwin","24":"Tayshia Adams","25":"To be announced"},"Proposal":{"0":"No","1":"Yes","2":"Yes","3":"No","4":"No","5":"Yes","6":"No","7":"No","8":"No","9":"Yes","10":"No","11":"No","12":"Yes","13":"Yes","14":"Yes","15":"Yes","16":"Yes","17":"Yes","18":"No","19":"Yes","20":"Yes","21":"Yes","22":"Yes","23":"No","24":"No","25":"To be announced"},"Still together":{"0":"No","1":"No","2":"No","3":"No","4":"No","5":"No","6":"No","7":"No","8":"No","9":"No","10":"No","11":"No","12":"No","13":"Yes\/No[a]","14":"No","15":"No","16":"No","17":"Yes","18":"No","19":"No","20":"No","21":"No","22":"Yes\/No[b]","23":"Yes","24":"Yes","25":"To be announced"},"Relationship notes":{"0":"Michel did not propose to Marsh, but instead they entered into a relationship. Marsh and Michel broke up after several months.[6]","1":"Buerge and Eksterowicz broke up after several weeks.[7]","2":"Schefft and Firestone broke up after several months.[8]","3":"Guiney did not propose to Gardinier, but she accepted a promise ring indicating that they would still date. They broke up shortly after the show aired.[9]","4":"Palmer did not propose to Bowlin. They continued to date but broke up several weeks later.[11]","5":"Velvick and Jay Overbye started as two candidate bachelors. The women competing had to vote on which man they would like to be the bachelor. Velvick ended up winning the vote. Velvick and Delgado split after five years.[12]","6":"O'Connell chose Brice and did not propose but instead began a relationship. They broke up in September 2007[13] but got back together in 2008.[14] However, they called it quits again in 2010.[15]","7":"Stork did not propose to Stone but instead began a relationship. They broke up shortly after the show aired.[16]","8":"Borghese did not propose to Wilson. They began a relationship but broke up in January 2007. He then dated Murray, the runner-up but broke up in March of that same year.[17][18]","9":"Horst and Baldwin called off their engagement one month after the finale[19] but continued their relationship. They broke off the relationship in September 2007.","10":"Womack chose Croft and Pappas as the two finalists, but they were both rejected in the season's finale.[20]","11":"Womack chose Croft and Pappas as the two finalists, but they were both rejected in the season's finale.[20]","12":"Grant and Lamas broke up in July 2008.[21]","13":"On the season's finale, Mesnick had called off the engagement with Rycroft and resumed a relationship with runner-up Malaney. Mesnick later proposed to Malaney in New Zealand, which she accepted and were married on February 27, 2010, in California.[22] Mesnick and Malaney's wedding aired on ABC on March 8, 2010.[23] The couple have their daughter Riley Anne (born 2013).[24]","14":"Pavelka and Girardi ended their relationship in June 2010.[25]","15":"Womack and Maynard broke up while their season was airing but got back together after the show's finale. However, they called it quits for good in May 2011.[27]","16":"Flajnik and Robertson originally broke up in February 2012 while their season was airing. However, they were later reconciled and got engaged for the second time but broke up again in October 2012 for good.[29]","17":"Lowe and Giudici married on January 26, 2014.[32] They have three children together; sons Samuel Thomas (born 2016) and [33] Isaiah Hendrix (born 2018) [34], and daughter Mia (born 2019).","18":"Galavis did not propose to Ferrell but instead they decided to continue their relationship. They later appeared on Couples Therapy. In October 2014, they decided to end their relationship.[36]","19":"Soules and Bischoff announced their break-up on May 28, 2015.[38]","20":"Higgins and Bushnell had their own reality show Ben and Lauren: Happily Ever After?. The two announced their breakup on May 15, 2017.[40]","21":"Viall and Grimaldi announced their breakup on August 25, 2017.[43]","22":"On the live season finale, it was revealed that a few weeks after filming wrapped, Luyendyk had quickly called off his engagement to Kufrin and started dating runner-up Burnham. The two got engaged during the After the Final Rose special and were married on January 12, 2019. On May 29, 2019, the couple welcomed their first child, a daughter, Alessi Ren.[45][46][47][48]","23":"Randolph initially broke up with Underwood at final three. Underwood then broke up with the remaining two women and asked Randolph to give him a second chance, and she agreed. The two celebrated their first anniversary on November 15, 2019, and are still together as of February 2020.[50][51]","24":"Randolph initially broke up with Underwood at final three. Underwood then broke up with the remaining two women and asked Randolph to give him a second chance, and she agreed. The two celebrated their first anniversary on November 15, 2019, and are still together as of February 2020.[50][51]","25":"To be announced"}}